Update_Date_Team,Competition_ID,Competiton,Team_ID,Team,Overall_Comp,Attack_Comp,Milieu_Comp,Defense_Comp,NbJoueurs_Team,pays
"Jun 2, 2022",13, English Premier League ,1,Arsenal,80,77,80,77,33,England
"Jun 2, 2022",13, English Premier League ,5,Chelsea,84,84,85,83,33,England
"Jun 2, 2022",13, English Premier League ,9,Liverpool,85,86,84,85,33,England
"Jun 2, 2022",53, Spain Primera Division ,240,Atlético de Madrid,83,84,82,82,33,Spain
"Jun 2, 2022",31, Italian Serie A ,44,Inter,82,82,82,83,24,Italy
"Jun 2, 2022",13, English Premier League ,95,Leicester City,80,80,80,78,31,England
"Jun 2, 2022",13, English Premier League ,10,Manchester City,85,84,87,86,32,England
"Jun 2, 2022",16, French Ligue 1 ,73,Paris Saint-Germain,85,89,82,84,32,France
"Jun 2, 2022",31, Italian Serie A ,52,Roma,79,79,79,78,32,Italy
"Jun 2, 2022",19, German 1. Bundesliga ,22,Borussia Dortmund,81,83,81,81,33,Germany
"Jun 2, 2022",53, Spain Primera Division ,241,FC Barcelona,83,83,85,81,33,Spain
"Jun 2, 2022",13, English Premier League ,11,Manchester United,83,82,83,81,33,England
"Jun 2, 2022",7, Campeonato Brasileiro Série A ,383,Palmeiras,75,78,76,74,20,Brazil
"Jun 2, 2022",10, Holland Eredivisie ,245,Ajax,79,82,77,80,30,Netherlands
"Jun 2, 2022",14, English League Championship ,1794,Sheffield United,73,73,73,73,30,England
"Jun 2, 2022",19, German 1. Bundesliga ,112172,RB Leipzig,80,82,81,79,33,Germany
"Jun 2, 2022",60, English League One ,106,Sunderland,66,67,66,66,28,England
"Jun 2, 2022",31, Italian Serie A ,110374,Fiorentina,76,76,77,77,26,Italy
"Jun 2, 2022",19, German 1. Bundesliga ,32,Bayer 04 Leverkusen,79,83,79,78,29,Germany
"Jun 2, 2022",1, Danish Superliga ,819,F.C. København,72,71,70,72,28,Denmark
"Jun 2, 2022",4, Belgian Jupiler Pro League ,231,Club Brugge KV,75,76,74,75,28,Belgium
"Jun 2, 2022",16, French Ligue 1 ,1819,AS Saint-Étienne,73,75,73,72,33,France
"Jun 2, 2022",53, Spain Primera Division ,481,Sevilla FC,81,81,81,83,33,Spain
"Jun 2, 2022",68, Turkish Süper Lig ,327,Beşiktaş JK,74,76,73,72,26,Turkey
"Jun 2, 2022",19, German 1. Bundesliga ,23,Borussia Mönchengladbach,78,78,77,79,32,Germany
"Jun 2, 2022",308, Portuguese Liga ZON SAGRES ,236,FC Porto,78,78,77,77,30,Portugal
"Jun 2, 2022",14, English League Championship ,1960,Swansea City,70,71,70,71,30,Wales
"Jun 2, 2022",13, English Premier League ,1799,Crystal Palace,76,77,76,75,33,England
"Jun 2, 2022",10, Holland Eredivisie ,247,PSV,77,77,78,75,30,Netherlands
"Jun 2, 2022",31, Italian Serie A ,39,Atalanta,80,82,79,79,27,Italy
"Jun 2, 2022",31, Italian Serie A ,47,AC Milan,81,81,80,80,28,Italy
"Jun 2, 2022",16, French Ligue 1 ,72,OGC Nice,76,78,75,76,27,France
"Jun 2, 2022",317, Croatian Prva HNL ,211,Dinamo Zagreb,73,73,73,72,27,Croatia
"Jun 2, 2022",19, German 1. Bundesliga ,1831,1. FC Union Berlin,73,74,73,74,28,Germany
"Jun 2, 2022",14, English League Championship ,1806,Stoke City,70,70,71,70,30,England
"Jun 2, 2022",353, Argentina Primera División  ,1877,Boca Juniors,75,74,73,75,28,Argentina
"Jun 2, 2022",13, English Premier League ,1795,Watford,74,74,75,74,33,England
"Jun 2, 2022",1, Danish Superliga ,1788,FC Nordsjælland,65,63,66,66,28,Denmark
"Jun 2, 2022",16, French Ligue 1 ,379,Stade de Reims,73,72,72,75,29,France
"Jun 2, 2022",20, German 2. Bundesliga ,485,Hannover 96,69,68,69,69,30,Germany
"Jun 2, 2022",19, German 1. Bundesliga ,1824,Eintracht Frankfurt,76,76,77,75,31,Germany
"Jun 2, 2022",41, Norwegian Eliteserien ,918,FK Bodø/Glimt,68,69,68,69,28,Norway
"Jun 2, 2022",7, Campeonato Brasileiro Série A ,112472,RB Bragantino,74,74,74,75,20,Brazil
"Jun 2, 2022",78, International,1363,Sweden,76,78,75,76,23,Sweden
"Jun 2, 2022",78, International,1369,Argentina,83,86,81,81,23,Argentina
"Jun 2, 2022",54, Spanish Segunda División ,573,Málaga CF,69,70,69,68,30,Spain
"Jun 2, 2022",53, Spain Primera Division ,480,Rayo Vallecano,74,75,74,73,31,Spain
"Jun 2, 2022",53, Spain Primera Division ,450,RC Celta de Vigo,76,79,77,75,33,Spain
"Jun 2, 2022",31, Italian Serie A ,111974,U.S. Sassuolo Calcio,75,77,75,71,28,Italy
"Jun 2, 2022",14, English League Championship ,97,Millwall,70,70,69,70,28,England
"Jun 2, 2022",53, Spain Primera Division ,453,RCD Mallorca,74,75,74,75,33,Spain
"Jun 2, 2022",50, Scottish Premiership ,86,Rangers FC,74,73,74,74,28,Scotland
"Jun 2, 2022",2076, German 3. Bundesliga ,33,TSV 1860 München,65,67,65,65,28,Germany
"Jun 2, 2022",341, Mexican Liga MX ,1878,Cruz Azul,73,73,73,73,23,Mexico
"Jun 2, 2022",31, Italian Serie A ,54,Torino F.C.,75,76,75,76,31,Italy
"Jun 2, 2022",78, International,1337,Germany,85,83,85,81,23,Germany
"Jun 2, 2022",53, Spain Primera Division ,463,Deportivo Alavés,75,76,74,76,32,Spain
"Jun 2, 2022",319, Czech Republic Gambrinus Liga ,110468,FC Viktoria Plzeň,73,74,73,72,23,Czech Republic
"Jun 2, 2022",20, German 2. Bundesliga ,110329,FC St. Pauli,69,71,69,69,30,Germany
"Jun 2, 2022",31, Italian Serie A ,55,Udinese Calcio,74,75,73,74,23,Italy
"Jun 2, 2022",20, German 2. Bundesliga ,110636,Fortuna Düsseldorf,70,71,70,71,30,Germany
"Jun 2, 2022",32, Italian Serie B ,111811,AC Monza,70,69,70,70,28,Italy
"Jun 2, 2022",353, Argentina Primera División  ,101088,Vélez Sarsfield,71,74,69,72,28,Argentina
"Jun 2, 2022",14, English League Championship ,1952,Hull City,68,69,66,66,30,England
"Jun 2, 2022",2076, German 3. Bundesliga ,110500,Eintracht Braunschweig,66,66,65,66,28,Germany
"Jun 2, 2022",2018, Ecuadorian Serie A ,110981,Barcelona Sporting Club,69,72,70,68,26,Ecuador
"Jun 2, 2022",54, Spanish Segunda División ,110062,Girona FC,72,74,72,71,30,Spain
"Jun 2, 2022",60, English League One ,1917,Wigan Athletic,67,67,68,67,28,England
"Jun 2, 2022",17, French Ligue 2 ,1809,Toulouse Football Club,68,68,70,67,26,France
"Jun 2, 2022",78, International,1354,Portugal,84,85,83,85,23,Portugal
"Jun 2, 2022",7, Campeonato Brasileiro Série A ,1629,Grêmio,73,72,72,74,20,Brazil
"Jun 2, 2022",78, International,1318,England,83,85,83,82,23,England
"Jun 2, 2022",189, Swiss Super League ,896,FC Basel 1893,70,72,69,71,28,Switzerland
"Jun 2, 2022",54, Spanish Segunda División ,467,SD Eibar,73,72,73,73,30,Spain
"Jun 2, 2022",308, Portuguese Liga ZON SAGRES ,112809,Futebol Clube de Famalicão,70,70,71,70,29,Portugal
"Jun 2, 2022",31, Italian Serie A ,110373,US Salernitana 1919,71,71,71,68,33,Italy
"Jun 2, 2022",53, Spain Primera Division ,452,RCD Espanyol de Barcelona,77,82,77,75,33,Spain
"Jun 2, 2022",317, Croatian Prva HNL ,263,Hajduk Split,70,73,69,70,25,Croatia
"Jun 2, 2022",10, Holland Eredivisie ,1906,AZ Alkmaar,73,73,73,73,30,Netherlands
"Jun 2, 2022",78, International,1343,Italy,83,84,84,82,23,Italy
"Jun 2, 2022",20, German 2. Bundesliga ,543,SSV Jahn Regensburg,68,67,68,68,27,Germany
"Jun 2, 2022",31, Italian Serie A ,205,Venezia FC,72,73,72,72,28,Italy
"Jun 2, 2022",14, English League Championship ,91,Derby County,68,66,69,67,30,England
"Jun 2, 2022",14, English League Championship ,1801,Preston North End,70,68,71,69,30,England
"Jun 2, 2022",68, Turkish Süper Lig ,101014,İstanbul Başakşehir FK,73,76,73,72,26,Turkey
"Jun 2, 2022",39, USA Major League Soccer ,112885,Atlanta United,71,78,70,66,30,United States
"Jun 2, 2022",39, USA Major League Soccer ,111651,Toronto FC,67,68,70,65,25,Canada
"Jun 2, 2022",338, Uruguayan Primera División ,111325,Club Nacional de Football,71,71,70,70,30,Uruguay
"Jun 2, 2022",32, Italian Serie B ,112026,Benevento,70,71,69,69,25,Italy
"Jun 2, 2022",308, Portuguese Liga ZON SAGRES ,112513,FC Arouca,68,69,69,68,28,Portugal
"Jun 2, 2022",78, International,1331,Denmark,78,77,79,78,23,Denmark
"Jun 2, 2022",350, Saudi Abdul L. Jameel League ,112387,Al Ahli,67,76,66,66,29,Saudi Arabia
"Jun 2, 2022",61, English League Two ,15048,Tranmere Rovers,62,63,62,63,25,England
"Jun 2, 2022",39, USA Major League Soccer ,111144,Seattle Sounders FC,71,75,73,68,26,United States
"Jun 2, 2022",60, English League One ,1933,Wycombe Wanderers,66,67,66,66,25,England
"Jun 2, 2022",2076, German 3. Bundesliga ,110676,Borussia Dortmund II,63,62,64,63,25,Germany
"Jun 2, 2022",61, English League Two ,1930,Northampton Town,63,61,63,64,25,England
"Jun 2, 2022",31, Italian Serie A ,110741,Spezia,71,71,70,71,28,Italy
"Jun 2, 2022",54, Spanish Segunda División ,110827,Real Oviedo,69,70,69,69,30,Spain
"Jun 2, 2022",60, English League One ,1944,Cambridge United,64,66,64,64,28,England
"Jun 2, 2022",53, Spain Primera Division ,1853,Levante Unión Deportiva,76,78,77,72,33,Spain
"Jun 2, 2022",78, International,1886,Hungary,73,74,69,73,23,Hungary
"Jun 2, 2022",17, French Ligue 2 ,58,SC Bastia,65,64,65,64,26,France
"Jun 2, 2022",10, Holland Eredivisie ,1913,SC Heerenveen,67,65,67,67,30,Netherlands
"Jun 2, 2022",20, German 2. Bundesliga ,111235,1. FC Heidenheim 1846,69,69,68,71,28,Germany
"Jun 2, 2022",17, French Ligue 2 ,1805,Grenoble Foot 38,66,67,66,65,29,France
"Jun 2, 2022",41, Norwegian Eliteserien ,112199,Sarpsborg 08 FF,64,64,65,63,25,Norway
"Jun 2, 2022",64, Hungarian Nemzeti Bajnokság I ,1874,Ferencvárosi TC,71,69,71,71,28,Hungary
"Jun 2, 2022",16, French Ligue 1 ,76,RC Strasbourg Alsace,75,77,75,75,23,France
"Jun 2, 2022",68, Turkish Süper Lig ,101028,Atakaş Hatayspor,70,71,70,68,25,Turkey
"Jun 2, 2022",353, Argentina Primera División  ,112670,Club Atlético Talleres,70,70,69,71,28,Argentina
"Jun 2, 2022",39, USA Major League Soccer ,112828,New York City FC,70,71,70,70,26,United States
"Jun 2, 2022",351, Australian Hyundai A-League ,111393,Adelaide United,64,64,64,63,28,Australia
"Jun 2, 2022",68, Turkish Süper Lig ,111339,Kasimpaşa SK,70,70,70,70,25,Turkey
"Jun 2, 2022",7, Campeonato Brasileiro Série A ,112119,Atlético Clube Goianiense,72,71,71,73,20,Brazil
"Jun 2, 2022",60, English League One ,112259,AFC Wimbledon,63,63,64,62,28,England
"Jun 2, 2022",350, Saudi Abdul L. Jameel League ,111674,Al Shabab,69,70,72,67,27,Saudi Arabia
"Jun 2, 2022",78, International,111473,New Zealand,68,69,67,68,23,New Zealand
"Jun 2, 2022",61, English League Two ,112222,Harrogate Town,62,61,63,61,25,England
"Jun 2, 2022",2012, Chinese Super League ,111768,Beijing Guoan FC,66,68,66,67,28,China PR
"Jun 2, 2022",341, Mexican Liga MX ,112679,Jaguares de Chiapas,69,73,69,67,30,Mexico
"Jun 2, 2022",2012, Chinese Super League ,111724,Shandong Taishan,69,63,71,67,28,China PR
"Jun 2, 2022",20, German 2. Bundesliga ,111239,FC Ingolstadt 04,67,67,66,66,30,Germany
"Jun 2, 2022",17, French Ligue 2 ,111276,USL Dunkerque,65,65,64,64,28,France
"Jun 2, 2022",80, Austrian Football Bundesliga ,111821,FC Flyeralarm Admira,64,64,64,64,26,Austria
"Jun 2, 2022",32, Italian Serie B ,347,Lecce,69,70,67,67,26,Italy
"Jun 2, 2022",39, USA Major League Soccer ,111140,Portland Timbers,70,70,71,70,28,United States
"Jun 2, 2022",68, Turkish Süper Lig ,111117,Fatih Karagümrük S.K.,72,73,72,70,27,Turkey
"Jun 2, 2022",56, Swedish Allsvenskan ,700,IF Elfsborg,66,65,64,67,24,Sweden
"Jun 2, 2022",39, USA Major League Soccer ,112134,Philadelphia Union,69,69,69,68,25,United States
"Jun 2, 2022",78, International,111455,Canada,73,75,73,70,23,Canada
"Jun 2, 2022",1, Danish Superliga ,269,Brøndby IF,67,65,67,68,26,Denmark
"Jun 2, 2022",78, International,1359,Scotland,76,73,76,77,23,Scotland
"Jun 2, 2022",10, Holland Eredivisie ,1910,N.E.C. Nijmegen,68,68,68,66,27,Netherlands
"Jun 2, 2022",31, Italian Serie A ,1842,Cagliari,73,75,72,69,30,Italy
"Jun 2, 2022",338, Uruguayan Primera División ,115536,Cerro Largo Fútbol Club,66,66,65,66,27,Uruguay
"Jun 2, 2022",322, Finnish Veikkausliiga ,100325,HJK Helsinki,64,62,64,65,28,Finland
"Jun 2, 2022",61, English League Two ,1958,Leyton Orient,62,63,62,62,28,England
"Jun 2, 2022",39, USA Major League Soccer ,114161,Austin FC,69,68,70,66,28,United States
"Jun 2, 2022",80, Austrian Football Bundesliga ,15040,WSG Tirol,65,64,63,65,27,Austria
"Jun 2, 2022",2017, Liga de Fútbol Profesional Boliviano ,114577,Club Always Ready,66,67,68,66,21,Bolivia
"Jun 2, 2022",10, Holland Eredivisie ,1908,FC Twente,69,69,70,67,26,Netherlands
"Jun 2, 2022",66, Polish T-Mobile Ekstraklasa ,114326,Raków Częstochowa,67,67,67,67,28,Poland
"Jun 2, 2022",54, Spanish Segunda División ,2023,SD Ponferradina,69,71,69,69,26,Spain
"Jun 2, 2022",67, Russian Premier League ,100769,Zenit St. Petersburg,77,75,76,78,30,Russia
"Jun 2, 2022",2076, German 3. Bundesliga ,114398,Türkgücü München,62,63,63,61,18,Germany
"Jun 2, 2022",78, International,1367,Wales,74,74,74,72,23,Wales
"Jun 2, 2022",63, Greek Super League ,1884,Panathinaikos FC,72,73,72,70,28,Greece
"Jun 2, 2022",4, Belgian Jupiler Pro League ,2013,KAS Eupen,68,71,68,66,28,Belgium
"Jun 2, 2022",20, German 2. Bundesliga ,1832,Karlsruher SC,69,69,70,68,30,Germany
"Jun 2, 2022",308, Portuguese Liga ZON SAGRES ,1887,Vitória de Guimarães,71,74,70,69,30,Portugal
"Jun 2, 2022",341, Mexican Liga MX ,1881,Club Universidad Nacional,70,68,68,70,30,Mexico
"Jun 2, 2022",189, Swiss Super League ,1862,FC Lausanne-Sport,66,64,64,63,28,Switzerland
"Jun 2, 2022",80, Austrian Football Bundesliga ,15009,SC Rheindorf Altach,64,64,65,63,28,Austria
"Jun 2, 2022",7, Campeonato Brasileiro Série A ,1598,Bahia,71,71,70,71,20,Brazil
"Jun 2, 2022",60, English League One ,1797,Rotherham United,67,68,68,66,24,England
"Jun 2, 2022",308, Portuguese Liga ZON SAGRES ,1892,FC Paços de Ferreira,70,67,70,71,30,Portugal
"Jun 2, 2022",53, Spain Primera Division ,1968,Cádiz CF,75,77,75,73,32,Spain
"Jun 2, 2022",32, Italian Serie B ,1843,Palermo,71,71,71,72,30,Italy
"Jun 2, 2022",17, French Ligue 2 ,1813,Chamois Niortais Football Club,65,66,65,65,29,France
"Jun 2, 2022",56, Swedish Allsvenskan ,1439,Kalmar FF,63,63,65,63,21,Sweden
"Jun 2, 2022",16, French Ligue 1 ,1530,Angers SCO,73,71,73,72,27,France
"Jun 2, 2022",7, Campeonato Brasileiro Série A ,111052,Fortaleza,72,74,71,72,20,Brazil
"Jun 2, 2022",2012, Chinese Super League ,112378,Dalian Professional Football Club,62,75,61,61,28,China PR
"Jun 2, 2022",2012, Chinese Super League ,112540,Shanghai Port FC,68,70,70,67,28,China PR
"Jun 2, 2022",2149, Indian Super League ,113040,NorthEast United FC,59,66,58,58,28,India
"Jun 2, 2022",2149, Indian Super League ,113298,FC Goa,59,63,59,60,28,India
"Jun 2, 2022",2149, Indian Super League ,113297,Chennaiyin FC,60,60,63,60,28,India
"Jun 2, 2022",56, Swedish Allsvenskan ,113892,Degerfors IF,62,62,63,61,22,Sweden
"Jun 2, 2022",2019, Venezuelan Primera División ,112853,Deportivo La Guaira FC,65,65,64,65,30,Venezuela
"Jun 2, 2022",56, Swedish Allsvenskan ,113743,Varbergs BoIS FC,62,62,62,62,28,Sweden
"Jun 2, 2022",353, Argentina Primera División  ,112713,Club Atlético Sarmiento,68,70,68,66,28,Argentina
"Jun 2, 2022",68, Turkish Süper Lig ,113259,Yeni Malatyaspor,66,72,65,66,23,Turkey
"Jun 2, 2022",341, Mexican Liga MX ,112678,Club Atlético de San Luis,69,71,71,66,28,Mexico
"Jun 2, 2022",2149, Indian Super League ,113257,Odisha FC,58,67,58,57,28,India
"Jun 2, 2022",78, International,111487,Venezuela,71,74,70,69,23,Venezuela
"Jun 2, 2022",330, Romanian Liga I ,113387,AFC Chindia Târgoviște,64,65,63,64,28,Romania
"Jun 2, 2022",330, Romanian Liga I ,112637,Gaz Metan Mediaş,55,57,55,57,20,Romania
"Jun 2, 2022",4, Belgian Jupiler Pro League ,112695,Seraing,66,68,65,65,28,Belgium
"Jun 2, 2022",68, Turkish Süper Lig ,113142,Aytemiz Alanyaspor,71,71,72,71,25,Turkey
"Jun 2, 2022",353, Argentina Primera División  ,112904,Club Atlético Temperley,65,66,65,65,28,Argentina
"Jun 2, 2022",66, Polish T-Mobile Ekstraklasa ,112511,Warta Poznań,64,65,64,64,26,Poland
"Jun 2, 2022",335, Chilean Campeonato Nacional ,112585,Deportivo Ñublense,66,69,67,65,28,Chile
"Jun 2, 2022",335, Chilean Campeonato Nacional ,112584,CD Everton de Viña del Mar,67,67,64,68,27,Chile
"Jun 2, 2022",41, Norwegian Eliteserien ,112420,Mjøndalen IF,60,60,60,59,22,Norway
"Jun 2, 2022",350, Saudi Abdul L. Jameel League ,112096,Ettifaq FC,67,69,72,63,29,Saudi Arabia
"Jun 2, 2022",308, Portuguese Liga ZON SAGRES ,112516,CD Tondela,69,69,68,69,27,Portugal
"Jun 2, 2022",351, Australian Hyundai A-League ,112427,Western Sydney Wanderers,64,60,65,63,28,Australia
"Jun 2, 2022",39, USA Major League Soccer ,112606,Orlando City Soccer Club,69,73,70,67,27,United States
"Jun 2, 2022",349, Japanese J. League Division 1 ,112093,Gamba Osaka,68,67,66,71,30,Japan
"Jun 2, 2022",60, English League One ,112260,Fleetwood Town,64,63,61,61,28,England
"Jun 2, 2022",39, USA Major League Soccer ,111928,San Jose Earthquakes,67,70,68,66,27,United States
"Jun 2, 2022",61, English League Two ,112254,Newport County,63,62,62,63,28,Wales
"Jun 2, 2022",2012, Chinese Super League ,111779,Henan Songshan Longmen FC,65,71,64,64,28,China PR
"Jun 2, 2022",2012, Chinese Super League ,111773,Shenzhen FC,65,71,65,61,28,China PR
"Jun 2, 2022",80, Austrian Football Bundesliga ,111822,RZ Pellets Wolfsberger AC,67,67,68,66,25,Austria
"Jun 2, 2022",308, Portuguese Liga ZON SAGRES ,10031,Portimonense SC,70,70,69,70,30,Portugal
"Jun 2, 2022",61, English League Two ,110799,Sutton United,61,61,62,62,25,England
"Jun 2, 2022",68, Turkish Süper Lig ,112122,Kardemir Karabükspor,66,67,65,65,28,Turkey
"Jun 2, 2022",341, Mexican Liga MX ,110147,Pachuca,71,73,71,68,28,Mexico
"Jun 2, 2022",32, Italian Serie B ,110734,Crotone,66,64,68,65,28,Italy
"Jun 2, 2022",4, Belgian Jupiler Pro League ,110724,KV Mechelen,69,69,70,69,27,Belgium
"Jun 2, 2022",2076, German 3. Bundesliga ,110645,Viktoria Köln,64,62,66,63,28,Germany
"Jun 2, 2022",2076, German 3. Bundesliga ,110597,SV Meppen,64,62,64,65,28,Germany
"Jun 2, 2022",60, English League One ,1929,Plymouth Argyle,66,64,66,66,27,England
"Jun 2, 2022",54, Spanish Segunda División ,110711,Real Sociedad B,66,67,66,66,30,Spain
"Jun 2, 2022",66, Polish T-Mobile Ekstraklasa ,110565,Górnik Łęczna,63,64,62,62,27,Poland
"Jun 2, 2022",80, Austrian Football Bundesliga ,112075,spusu SKN St. Pölten,65,66,64,65,26,Austria
"Jun 2, 2022",2076, German 3. Bundesliga ,110592,FSV Zwickau,64,64,63,63,26,Germany
"Jun 2, 2022",2076, German 3. Bundesliga ,110501,Sportclub Verl,63,64,63,63,28,Germany
"Jun 2, 2022",60, English League One ,110313,Accrington Stanley,63,66,63,63,28,England
"Jun 2, 2022",341, Mexican Liga MX ,110144,Santos Laguna,71,72,73,69,28,Mexico
"Jun 2, 2022",54, Spanish Segunda División ,100852,C.D. Castellón,68,68,69,66,28,Spain
"Jun 2, 2022",353, Argentina Primera División  ,110404,Club Atlético Banfield,69,65,71,66,28,Argentina
"Jun 2, 2022",20, German 2. Bundesliga ,110178,SV Sandhausen,68,69,68,68,30,Germany
"Jun 2, 2022",68, Turkish Süper Lig ,101041,Demir Grup Sivasspor,70,70,72,68,24,Turkey
"Jun 2, 2022",68, Turkish Süper Lig ,101033,İttifak Holding Konyaspor,69,71,68,69,23,Turkey
"Jun 2, 2022",54, Spanish Segunda División ,100851,FC Cartagena,70,70,70,69,30,Spain
"Jun 2, 2022",17, French Ligue 2 ,110321,Pau FC,65,65,64,66,27,France
"Jun 2, 2022",330, Romanian Liga I ,110075,FC Farul Constanța,66,67,64,66,26,Romania
"Jun 2, 2022",349, Japanese J. League Division 1 ,101146,Vissel Kobe,69,68,70,67,30,Japan
"Jun 2, 2022",4, Belgian Jupiler Pro League ,680,Sint-Truidense VV,68,67,68,67,27,Belgium
"Jun 2, 2022",54, Spanish Segunda División ,100882,Real Unión Club Irún,62,63,61,63,27,Spain
"Jun 2, 2022",68, Turkish Süper Lig ,101020,Yukatel Kayserispor,70,72,69,69,27,Turkey
"Jun 2, 2022",1, Danish Superliga ,822,Vejle Boldklub,65,65,65,65,26,Denmark
"Jun 2, 2022",4, Belgian Jupiler Pro League ,670,Royal Charleroi S.C.,69,67,71,68,28,Belgium
"Jun 2, 2022",2076, German 3. Bundesliga ,115820,FC Viktoria 1889 Berlin,63,62,62,63,28,Germany
"Jun 2, 2022",78, International,1356,Romania,72,72,72,68,23,Romania
"Jun 2, 2022",78, International,1355,Republic of Ireland,73,69,73,74,23,Republic of Ireland
"Jun 2, 2022",54, Spanish Segunda División ,456,Racing Santander,67,67,68,67,30,Spain
"Jun 2, 2022",2019, Venezuelan Primera División ,115694,Hermanos Colmenarez,65,66,64,65,27,Venezuela
"Jun 2, 2022",78, International,1361,Slovenia,73,70,73,71,23,Slovenia
"Jun 2, 2022",78, International,1357,Russia,75,75,75,72,23,Russia
"Jun 2, 2022",41, Norwegian Eliteserien ,1757,Sandefjord Fotball,62,62,61,62,26,Norway
"Jun 2, 2022",1, Danish Superliga ,1443,Viborg FF,64,64,65,65,27,Denmark
"Jun 2, 2022",1, Danish Superliga ,1447,SønderjyskE,64,61,63,65,27,Denmark
"Jun 2, 2022",65, Rep. Ireland Airtricity League ,1586,Longford Town,54,55,54,53,19,Republic of Ireland
"Jun 2, 2022",83, Korean K League 1 ,1477,Jeonbuk Hyundai Motors,69,73,69,68,28,Korea Republic
"Jun 2, 2022",7, Campeonato Brasileiro Série A ,115530,Cuiabá,71,71,71,71,20,Brazil
"Jun 2, 2022",189, Swiss Super League ,898,FC St. Gallen 1879,66,64,69,62,28,Switzerland
"Jun 2, 2022",7, Campeonato Brasileiro Série A ,1039,Club Athletico Paranaense,73,74,72,74,20,Brazil
"Jun 2, 2022",41, Norwegian Eliteserien ,1463,FK Haugesund,63,64,62,64,24,Norway
"Jun 2, 2022",338, Uruguayan Primera División ,115535,Club Atlético Rentistas,63,65,61,64,20,Uruguay
"Jun 2, 2022",7, Campeonato Brasileiro Série A ,1035,Clube Atlético Mineiro,75,74,74,76,20,Brazil
"Jun 2, 2022",2017, Liga de Fútbol Profesional Boliviano ,115517,Independiente Petrolero,65,66,65,64,20,Bolivia
"Jun 2, 2022",39, USA Major League Soccer ,114162,Nashville SC,68,70,71,67,24,United States
"Jun 2, 2022",78, International,1377,Uruguay,79,79,79,78,23,Uruguay
"Jun 2, 2022",2018, Ecuadorian Serie A ,115487,9 de Octubre,65,66,65,65,20,Ecuador
"Jun 2, 2022",56, Swedish Allsvenskan ,113876,Dalkurd FF,60,60,59,59,18,Sweden
"Jun 2, 2022",2018, Ecuadorian Serie A ,113723,Guayaquil City FC,64,65,64,63,20,Ecuador
"Jun 2, 2022",78, International,1415,Australia,70,75,69,70,23,Australia
"Jun 2, 2022",337, Paraguayan Primera División ,114688,Guaireña FC,65,64,65,64,26,Paraguay
"Jun 2, 2022",2020, Peruvian Primera División ,114619,Carlos A. Mannucci,64,64,64,63,20,Peru
"Jun 2, 2022",341, Mexican Liga MX ,114899,Mazatlán Futbol Club,69,67,70,68,29,Mexico
"Jun 2, 2022",2020, Peruvian Primera División ,114617,Universidad Técnica de Cajamarca,65,64,64,65,20,Peru
"Jun 2, 2022",2018, Ecuadorian Serie A ,114615,Mushuc Runa,65,67,66,64,24,Ecuador
"Jun 2, 2022",2017, Liga de Fútbol Profesional Boliviano ,114600,Club Deportivo Guabirá,65,66,65,64,28,Bolivia
"Jun 2, 2022",351, Australian Hyundai A-League ,114604,Macarthur FC,65,66,63,65,26,Australia
"Jun 2, 2022",2019, Venezuelan Primera División ,114623,Llaneros de Guanare Escuela de Fútbol,60,59,59,60,20,Venezuela
"Jun 2, 2022",2017, Liga de Fútbol Profesional Boliviano ,115358,Club Atlético Palmaflor,63,65,63,63,20,Bolivia
"Jun 2, 2022",2018, Ecuadorian Serie A ,114581,C.D. Universidad Católica del Ecuador,67,68,67,65,29,Ecuador
"Jun 2, 2022",2020, Peruvian Primera División ,114598,Club Atlético Grau,62,63,61,61,20,Peru
"Jun 2, 2022",2020, Peruvian Primera División ,114582,Deportivo Binacional,66,64,65,65,20,Peru
"Jun 2, 2022",2018, Ecuadorian Serie A ,114580,Delfín Sporting Club,65,68,65,64,22,Ecuador
"Jun 2, 2022",335, Chilean Campeonato Nacional ,112535,Unión La Calera,66,66,66,66,25,Chile
"Jun 2, 2022",2012, Chinese Super League ,112541,Wuhan FC,61,64,61,62,28,China PR
"Jun 2, 2022",2019, Venezuelan Primera División ,114611,Academia Puerto Cabello,61,63,62,61,20,Venezuela
"Jun 2, 2022",350, Saudi Abdul L. Jameel League ,112990,Al Batin,64,63,64,63,25,Saudi Arabia
"Jun 2, 2022",2018, Ecuadorian Serie A ,112908,Independiente del Valle,69,70,69,70,24,Ecuador
"Jun 2, 2022",350, Saudi Abdul L. Jameel League ,113058,Abha Club,65,68,66,64,30,Saudi Arabia
"Jun 2, 2022",350, Saudi Abdul L. Jameel League ,113057,Al Fayha,65,68,66,62,29,Saudi Arabia
"Jun 2, 2022",335, Chilean Campeonato Nacional ,112709,Club Deportes Temuco,64,60,64,63,24,Chile
"Jun 2, 2022",2012, Chinese Super League ,112537,Beijing Renhe FC,58,60,58,57,22,China PR
"Jun 2, 2022",336, Colombian Liga Postobón ,112992,Atlético Bucaramanga,65,59,64,65,24,Colombia
"Jun 2, 2022",330, Romanian Liga I ,112847,AFC Astra Giurgiu,65,65,65,66,27,Romania
"Jun 2, 2022",39, USA Major League Soccer ,113149,FC Cincinnati,68,68,70,65,29,United States
"Jun 2, 2022",2149, Indian Super League ,113146,ATK Mohun Bagan FC,62,63,63,62,28,India
"Jun 2, 2022",2012, Chinese Super League ,112978,Hebei FC,53,52,52,53,28,China PR
"Jun 2, 2022",2012, Chinese Super League ,112985,Shijiazhuang Ever Bright F.C.,61,63,58,63,28,China PR
"Jun 2, 2022",353, Argentina Primera División  ,112909,Crucero del Norte,61,58,57,60,30,Argentina
"Jun 2, 2022",341, Mexican Liga MX ,113134,Fútbol Club Juárez,69,70,65,67,30,Mexico
"Jun 2, 2022",2019, Venezuelan Primera División ,112912,Zamora Fútbol Club,61,59,61,59,22,Venezuela
"Jun 2, 2022",338, Uruguayan Primera División ,112184,Club Atlético River Plate,66,64,67,66,30,Uruguay
"Jun 2, 2022",32, Italian Serie B ,113147,Virtus Entella Chiavari,67,67,70,65,27,Italy
"Jun 2, 2022",336, Colombian Liga Postobón ,112523,La Equidad,66,67,67,65,27,Colombia
"Jun 2, 2022",336, Colombian Liga Postobón ,112970,Itagüí Leones FC,60,65,59,60,18,Colombia
"Jun 2, 2022",338, Uruguayan Primera División ,113143,Montevideo City Torque,66,64,65,66,23,Uruguay
"Jun 2, 2022",336, Colombian Liga Postobón ,112968,Tigres FC,61,61,60,61,23,Colombia
"Jun 2, 2022",2012, Chinese Super League ,112983,Tianjin Quanjian FC,60,65,57,60,18,China PR
"Jun 2, 2022",2012, Chinese Super League ,112977,Guizhou Zhicheng FC,63,66,58,63,23,China PR
"Jun 2, 2022",335, Chilean Campeonato Nacional ,112533,CD Antofagasta,67,66,65,65,28,Chile
"Jun 2, 2022",335, Chilean Campeonato Nacional ,112534,CD Universidad de Concepción,64,62,65,61,25,Chile
"Jun 2, 2022",336, Colombian Liga Postobón ,112525,Deportes Quindío,61,60,62,59,28,Colombia
"Jun 2, 2022",335, Chilean Campeonato Nacional ,112531,Deportes Iquique,66,68,66,66,27,Chile
"Jun 2, 2022",336, Colombian Liga Postobón ,112528,Atlético Huila,62,67,60,62,18,Colombia
"Jun 2, 2022",66, Polish T-Mobile Ekstraklasa ,112510,Bruk-Bet Termalica Nieciecza,64,64,63,64,28,Poland
"Jun 2, 2022",308, Portuguese Liga ZON SAGRES ,112517,União da Madeira,69,71,69,69,29,Portugal
"Jun 2, 2022",336, Colombian Liga Postobón ,112526,Envigado FC,65,65,66,61,28,Colombia
"Jun 2, 2022",336, Colombian Liga Postobón ,112527,Patriotas Boyacá FC,65,63,64,64,28,Colombia
"Jun 2, 2022",2012, Chinese Super League ,112429,Guangzhou City,61,58,64,60,28,China PR
"Jun 2, 2022",7, Campeonato Brasileiro Série A ,112476,Associação Chapecoense de Futebol,68,70,68,69,20,Brazil
"Jun 2, 2022",32, Italian Serie B ,112487,Latina,65,67,63,65,28,Italy
"Jun 2, 2022",66, Polish T-Mobile Ekstraklasa ,112505,Miedź Legnica,65,66,65,63,27,Poland
"Jun 2, 2022",349, Japanese J. League Division 1 ,112444,Hokkaido Consadole Sapporo,66,66,66,68,27,Japan
"Jun 2, 2022",66, Polish T-Mobile Ekstraklasa ,112508,Sandecja Nowy Sącz,64,66,62,62,27,Poland
"Jun 2, 2022",66, Polish T-Mobile Ekstraklasa ,112512,Zawisza Bydgoszcz,63,59,64,62,27,Poland
"Jun 2, 2022",349, Japanese J. League Division 1 ,112448,V-Varen Nagasaki,62,63,60,63,23,Japan
"Jun 2, 2022",56, Swedish Allsvenskan ,111959,Ljungskile SK,57,56,56,58,24,Sweden
"Jun 2, 2022",349, Japanese J. League Division 1 ,112092,Nagoya Grampus,68,68,67,66,30,Japan
"Jun 2, 2022",83, Korean K League 1 ,112115,Gangwon FC,64,64,62,63,28,Korea Republic
"Jun 2, 2022",65, Rep. Ireland Airtricity League ,111965,Athlone Town,50,52,49,50,17,Republic of Ireland
"Jun 2, 2022",337, Paraguayan Primera División ,112080,Club Sol de América,65,65,67,64,20,Paraguay
"Jun 2, 2022",308, Portuguese Liga ZON SAGRES ,111540,SC Olhanense,67,67,67,68,30,Portugal
"Jun 2, 2022",7, Campeonato Brasileiro Série A ,112077,Grêmio Barueri,68,67,66,65,25,Brazil
"Jun 2, 2022",351, Australian Hyundai A-League ,112078,Gold Coast United,61,58,59,59,23,Australia
"Jun 2, 2022",56, Swedish Allsvenskan ,112072,Mjällby AIF,62,62,63,61,24,Sweden
"Jun 2, 2022",335, Chilean Campeonato Nacional ,112116,CD O'Higgins,67,69,67,64,28,Chile
"Jun 2, 2022",7, Campeonato Brasileiro Série A ,112001,América Futebol Clube,70,67,70,71,20,Brazil
"Jun 2, 2022",335, Chilean Campeonato Nacional ,112110,Rangers de Talca,63,63,61,61,28,Chile
"Jun 2, 2022",351, Australian Hyundai A-League ,112079,North Queensland Fury FC,58,58,57,57,22,Australia
"Jun 2, 2022",80, Austrian Football Bundesliga ,112022,SV Grödig,61,60,59,61,25,Austria
"Jun 2, 2022",2019, Venezuelan Primera División ,111332,Estudiantes de Mérida,65,64,66,64,30,Venezuela
"Jun 2, 2022",336, Colombian Liga Postobón ,112019,Boyacá Chicó FC,62,62,62,63,28,Colombia
"Jun 2, 2022",32, Italian Serie B ,112020,SS Virtus Lanciano,65,66,65,64,28,Italy
"Jun 2, 2022",68, Turkish Süper Lig ,111340,Akhisar Belediyespor,70,69,72,70,26,Turkey
"Jun 2, 2022",32, Italian Serie B ,112107,Gallipoli,63,62,63,60,24,Italy
"Jun 2, 2022",66, Polish T-Mobile Ekstraklasa ,111083,Korona Kielce,64,67,64,62,27,Poland
"Jun 2, 2022",351, Australian Hyundai A-League ,111400,Sydney FC,66,67,65,65,28,Australia
"Jun 2, 2022",32, Italian Serie B ,111432,Rimini,65,57,60,61,27,Italy
"Jun 2, 2022",2020, Peruvian Primera División ,111334,FBC Melgar,67,67,68,67,28,Peru
"Jun 2, 2022",32, Italian Serie B ,111434,US Cremonese,68,68,68,68,25,Italy
"Jun 2, 2022",78, International,111451,Bolivia,66,59,66,66,23,Bolivia
"Jun 2, 2022",78, International,111465,Ecuador,73,74,72,75,23,Ecuador
"Jun 2, 2022",32, Italian Serie B ,111433,Mantova,64,61,56,59,26,Italy
"Jun 2, 2022",66, Polish T-Mobile Ekstraklasa ,111429,Polonia Bytom,58,56,56,59,23,Poland
"Jun 2, 2022",351, Australian Hyundai A-League ,111399,Perth Glory,63,63,60,61,28,Australia
"Jun 2, 2022",78, International,111459,Chile,75,74,76,73,23,Chile
"Jun 2, 2022",351, Australian Hyundai A-League ,111396,Central Coast Mariners,62,62,61,60,28,Australia
"Jun 2, 2022",351, Australian Hyundai A-League ,111395,Brisbane Roar,62,61,63,63,28,Australia
"Jun 2, 2022",351, Australian Hyundai A-League ,111398,Newcastle Jets,63,66,62,62,26,Australia
"Jun 2, 2022",351, Australian Hyundai A-League ,111397,Melbourne Victory,65,66,66,65,27,Australia
"Jun 2, 2022",78, International,111466,India,60,62,60,60,23,India
"Jun 2, 2022",2076, German 3. Bundesliga ,111379,SG Sonnenhof Großaspach,63,64,62,63,28,Germany
"Jun 2, 2022",66, Polish T-Mobile Ekstraklasa ,110749,Zagłębie Lubin,65,67,65,65,28,Poland
"Jun 2, 2022",80, Austrian Football Bundesliga ,111373,SC Magna Wiener Neustadt,61,59,60,61,27,Austria
"Jun 2, 2022",7, Campeonato Brasileiro Série A ,111041,Juventude,70,70,70,70,20,Brazil
"Jun 2, 2022",67, Russian Premier League ,110822,FC Ufa,70,72,70,69,25,Russia
"Jun 2, 2022",4, Belgian Jupiler Pro League ,110913,Waasland-Beveren,67,70,67,67,28,Belgium
"Jun 2, 2022",17, French Ligue 2 ,111376,US Boulogne Cote D'Opale,63,62,59,61,27,France
"Jun 2, 2022",2020, Peruvian Primera División ,111016,Sport Boys,66,65,66,65,27,Peru
"Jun 2, 2022",7, Campeonato Brasileiro Série A ,111042,Goiás,69,70,69,69,20,Brazil
"Jun 2, 2022",349, Japanese J. League Division 1 ,101148,Cerezo Osaka,68,66,68,68,29,Japan
"Jun 2, 2022",341, Mexican Liga MX ,111032,Dorados de Sinaloa,66,68,65,64,30,Mexico
"Jun 2, 2022",2020, Peruvian Primera División ,111010,Club Alianza Lima,68,68,69,67,28,Peru
"Jun 2, 2022",337, Paraguayan Primera División ,111006,Club Sportivo Luqueño,62,62,61,59,21,Paraguay
"Jun 2, 2022",341, Mexican Liga MX ,111035,Lobos BUAP,67,67,66,66,24,Mexico
"Jun 2, 2022",17, French Ligue 2 ,111377,Vannes OC,60,55,59,59,29,France
"Jun 2, 2022",2020, Peruvian Primera División ,111014,Club Universitario de Deportes,67,67,65,67,30,Peru
"Jun 2, 2022",2020, Peruvian Primera División ,111013,Club Sporting Cristal,68,68,70,68,29,Peru
"Jun 2, 2022",337, Paraguayan Primera División ,111007,12 de Octubre FC,65,66,64,65,20,Paraguay
"Jun 2, 2022",319, Czech Republic Gambrinus Liga ,111374,FK Baník Most 1909,58,62,51,53,23,Czech Republic
"Jun 2, 2022",353, Argentina Primera División  ,111022,Belgrano de Córdoba,68,67,69,65,28,Argentina
"Jun 2, 2022",2076, German 3. Bundesliga ,110482,Hallescher FC,64,65,64,64,28,Germany
"Jun 2, 2022",17, French Ligue 2 ,110576,Football Bourg En Bresse Peronnas 01,66,65,66,67,28,France
"Jun 2, 2022",353, Argentina Primera División  ,110581,Patronato,67,68,66,67,27,Argentina
"Jun 2, 2022",67, Russian Premier League ,110239,FC Khimki,66,63,59,58,20,Russia
"Jun 2, 2022",20, German 2. Bundesliga ,110526,TuS Koblenz,64,61,62,62,30,Germany
"Jun 2, 2022",353, Argentina Primera División  ,110406,Club Atlético Colón,73,73,74,72,28,Argentina
"Jun 2, 2022",319, Czech Republic Gambrinus Liga ,110471,Dynamo České Budějovice,64,62,61,59,26,Czech Republic
"Jun 2, 2022",68, Turkish Süper Lig ,101026,Göztepe SK,70,71,70,68,24,Turkey
"Jun 2, 2022",319, Czech Republic Gambrinus Liga ,110466,Tescoma Zlín,58,59,57,54,30,Czech Republic
"Jun 2, 2022",319, Czech Republic Gambrinus Liga ,110465,Viktoria Žižkov,60,61,57,60,28,Czech Republic
"Jun 2, 2022",319, Czech Republic Gambrinus Liga ,110472,Mladá Boleslav,64,63,61,62,25,Czech Republic
"Jun 2, 2022",319, Czech Republic Gambrinus Liga ,110464,Baník Ostrava,63,59,61,58,24,Czech Republic
"Jun 2, 2022",54, Spanish Segunda División ,100947,UD Vecindario,65,61,59,58,21,Spain
"Jun 2, 2022",336, Colombian Liga Postobón ,101103,Independiente Medellín,67,70,68,66,22,Colombia
"Jun 2, 2022",336, Colombian Liga Postobón ,101102,Deportivo Cali,68,67,69,68,28,Colombia
"Jun 2, 2022",353, Argentina Primera División  ,101083,Estudiantes de La Plata,71,74,71,71,25,Argentina
"Jun 2, 2022",336, Colombian Liga Postobón ,101101,Junior FC,70,74,69,69,26,Colombia
"Jun 2, 2022",353, Argentina Primera División  ,110554,Quilmes Atlético Club,66,65,64,67,30,Argentina
"Jun 2, 2022",353, Argentina Primera División  ,101084,Gimnasia y Esgrima La Plata,69,70,68,68,28,Argentina
"Jun 2, 2022",319, Czech Republic Gambrinus Liga ,110467,1. FC Brno,63,61,56,56,26,Czech Republic
"Jun 2, 2022",68, Turkish Süper Lig ,101016,Adana Demirspor,71,73,71,72,27,Turkey
"Jun 2, 2022",68, Turkish Süper Lig ,101037,Çaykur Rizespor,70,71,70,68,23,Turkey
"Jun 2, 2022",68, Turkish Süper Lig ,101006,Altay SK,67,68,68,65,23,Turkey
"Jun 2, 2022",68, Turkish Süper Lig ,101032,Kocaelispor,65,63,59,61,30,Turkey
"Jun 2, 2022",68, Turkish Süper Lig ,101024,Gaziantepspor,70,71,69,68,25,Turkey
"Jun 2, 2022",54, Spanish Segunda División ,100831,AD Alcorcón,65,65,67,65,30,Spain
"Jun 2, 2022",68, Turkish Süper Lig ,101018,Diyarbakırspor,65,62,64,63,22,Turkey
"Jun 2, 2022",68, Turkish Süper Lig ,101035,Manisaspor,64,71,62,59,23,Turkey
"Jun 2, 2022",336, Colombian Liga Postobón ,101100,Atlético Nacional,71,73,71,70,27,Colombia
"Jun 2, 2022",68, Turkish Süper Lig ,101025,Gençlerbirliği SK,69,71,69,68,30,Turkey
"Jun 2, 2022",335, Chilean Campeonato Nacional ,101097,Audax Italiano,63,66,61,65,23,Chile
"Jun 2, 2022",68, Turkish Süper Lig ,101036,Mersin İdman Yurdu,67,72,67,66,28,Turkey
"Jun 2, 2022",68, Turkish Süper Lig ,101007,MKE Ankaragücü,70,68,69,70,30,Turkey
"Jun 2, 2022",50, Scottish Premiership ,100805,St. Mirren,64,64,65,64,20,Scotland
"Jun 2, 2022",54, Spanish Segunda División ,100879,Hércules CF,66,67,66,66,28,Spain
"Jun 2, 2022",189, Swiss Super League ,100994,FC Schaffhausen,58,61,57,56,21,Switzerland
"Jun 2, 2022",330, Romanian Liga I ,100757,FC Dinamo 1948 Bucureşti,63,62,64,62,28,Romania
"Jun 2, 2022",67, Russian Premier League ,100767,Spartak Moskva,73,75,73,72,28,Russia
"Jun 2, 2022",308, Portuguese Liga ZON SAGRES ,100741,FC Penafiel,66,67,65,65,26,Portugal
"Jun 2, 2022",67, Russian Premier League ,100768,Torpedo Moscow,66,68,62,62,28,Russia
"Jun 2, 2022",68, Turkish Süper Lig ,101008,Ankaraspor,73,70,73,72,25,Turkey
"Jun 2, 2022",319, Czech Republic Gambrinus Liga ,100149,1. FC Slovácko,62,57,58,58,28,Czech Republic
"Jun 2, 2022",67, Russian Premier League ,100765,FC Lokomotiv Moscow,72,75,72,71,28,Russia
"Jun 2, 2022",50, Scottish Premiership ,100804,St. Johnstone FC,64,63,64,65,28,Scotland
"Jun 2, 2022",10, Holland Eredivisie ,100628,FC Emmen,67,69,67,67,30,Netherlands
"Jun 2, 2022",67, Russian Premier League ,100764,Krylya Sovetov Samara,69,70,69,68,30,Russia
"Jun 2, 2022",10, Holland Eredivisie ,100626,FC Dordrecht,63,63,60,64,26,Netherlands
"Jun 2, 2022",308, Portuguese Liga ZON SAGRES ,100737,Naval 1° de Maio,66,66,64,63,26,Portugal
"Jun 2, 2022",4, Belgian Jupiler Pro League ,100087,Oud-Heverlee Leuven,69,70,70,68,27,Belgium
"Jun 2, 2022",4, Belgian Jupiler Pro League ,100081,KV Kortrijk,68,67,68,69,28,Belgium
"Jun 2, 2022",10, Holland Eredivisie ,100634,Heracles Almelo,67,67,67,67,30,Netherlands
"Jun 2, 2022",2076, German 3. Bundesliga ,100424,FC Rot-Weiß Erfurt,63,63,62,64,28,Germany
"Jun 2, 2022",335, Chilean Campeonato Nacional ,15029,Universidad de Chile,68,70,68,68,24,Chile
"Jun 2, 2022",319, Czech Republic Gambrinus Liga ,100145,1. FK Příbram,61,60,56,60,26,Czech Republic
"Jun 2, 2022",319, Czech Republic Gambrinus Liga ,100143,Slovan Liberec,63,61,59,59,24,Czech Republic
"Jun 2, 2022",10, Holland Eredivisie ,100651,VVV-Venlo,67,69,66,66,29,Netherlands
"Jun 2, 2022",319, Czech Republic Gambrinus Liga ,100142,FK Baumit Jablonec,64,61,61,61,27,Czech Republic
"Jun 2, 2022",80, Austrian Football Bundesliga ,15011,Kapfenberger SV,61,59,59,57,28,Austria
"Jun 2, 2022",54, Spanish Segunda División ,10846,Burgos CF,67,68,68,66,26,Spain
"Jun 2, 2022",54, Spanish Segunda División ,15019,Gimnàstic de Tarragona,68,68,67,67,29,Spain
"Jun 2, 2022",54, Spanish Segunda División ,15012,Cultural Leonesa,69,70,69,68,25,Spain
"Jun 2, 2022",54, Spanish Segunda División ,15021,CE Sabadell FC,66,68,65,66,29,Spain
"Jun 2, 2022",60, English League One ,15015,Burton Albion,64,65,64,63,25,England
"Jun 2, 2022",190, Swiss Challenge League ,10023,FC La Chaux-de-Fonds,47,51,48,47,20,Switzerland
"Jun 2, 2022",1, Danish Superliga ,15001,Lyngby BK,64,63,62,64,27,Denmark
"Jun 2, 2022",54, Spanish Segunda División ,2057,CF Ciudad de Murcia,67,67,67,68,21,Spain
"Jun 2, 2022",83, Korean K League 1 ,2055,Sangju Sangmu FC,66,63,64,67,28,Korea Republic
"Jun 2, 2022",353, Argentina Primera División  ,110394,Arsenal de Sarandí,67,68,65,66,28,Argentina
"Jun 2, 2022",308, Portuguese Liga ZON SAGRES ,10018,Leixões SC,67,66,65,65,27,Portugal
"Jun 2, 2022",80, Austrian Football Bundesliga ,2045,FC Wacker Innsbruck,65,67,65,63,27,Austria
"Jun 2, 2022",308, Portuguese Liga ZON SAGRES ,10019,CD Feirense,68,67,69,68,28,Portugal
"Jun 2, 2022",32, Italian Serie B ,2044,UC AlbinoLeffe,61,59,60,58,27,Italy
"Jun 2, 2022",83, Korean K League 1 ,2056,Daegu FC,64,65,63,64,28,Korea Republic
"Jun 2, 2022",4, Belgian Jupiler Pro League ,8001,FC Molenbeek Brussels,62,65,61,57,23,Belgium
"Jun 2, 2022",353, Argentina Primera División  ,110398,Club Olimpo,65,65,65,64,28,Argentina
"Jun 2, 2022",68, Turkish Süper Lig ,110401,Adanaspor,69,71,67,69,28,Turkey
"Jun 2, 2022",17, French Ligue 2 ,110316,GFC Ajaccio,66,65,66,67,26,France
"Jun 2, 2022",17, French Ligue 2 ,110326,Tours FC,67,67,68,66,30,France
"Jun 2, 2022",353, Argentina Primera División  ,110392,Atlético de Rafaela,66,64,66,66,30,Argentina
"Jun 2, 2022",353, Argentina Primera División  ,110396,Newell's Old Boys,69,67,68,71,28,Argentina
"Jun 2, 2022",67, Russian Premier League ,110233,FC Tom Tomsk,63,62,63,62,30,Russia
"Jun 2, 2022",67, Russian Premier League ,110231,FC Rostov,71,70,72,70,28,Russia
"Jun 2, 2022",32, Italian Serie B ,110364,Catania,67,70,66,66,28,Italy
"Jun 2, 2022",54, Spanish Segunda División ,110242,Racing de Ferrol,61,66,57,60,23,Spain
"Jun 2, 2022",353, Argentina Primera División  ,110405,Chacarita Juniors,63,69,63,63,28,Argentina
"Jun 2, 2022",67, Russian Premier League ,110230,Alaniya Vladikavkaz,65,65,66,61,30,Russia
"Jun 2, 2022",2076, German 3. Bundesliga ,110197,FC Würzburger Kickers,64,64,63,64,28,Germany
"Jun 2, 2022",341, Mexican Liga MX ,110152,Puebla FC,70,69,71,70,26,Mexico
"Jun 2, 2022",67, Russian Premier League ,110229,FC Moskva,68,65,64,63,27,Russia
"Jun 2, 2022",4, Belgian Jupiler Pro League ,110306,AFC Tubize,59,60,59,57,27,Belgium
"Jun 2, 2022",341, Mexican Liga MX ,110150,Gallos Blancos de Querétaro,69,70,69,67,28,Mexico
"Jun 2, 2022",17, French Ligue 2 ,110318,FC Libourne-Saint-Seurin,56,57,53,57,23,France
"Jun 2, 2022",67, Russian Premier League ,110225,Saturn Ramenskoye,68,66,57,65,20,Russia
"Jun 2, 2022",341, Mexican Liga MX ,110145,Tiburones Rojos de Veracruz,63,64,63,63,20,Mexico
"Jun 2, 2022",2076, German 3. Bundesliga ,110169,SC Fortuna Köln,64,64,64,63,26,Germany
"Jun 2, 2022",67, Russian Premier League ,110103,Spartak Nalchik,65,56,63,57,30,Russia
"Jun 2, 2022",67, Russian Premier League ,110109,Terek Grozny,71,70,70,72,29,Russia
"Jun 2, 2022",349, Japanese J. League Division 1 ,101151,Yokohama F. Marinos,69,69,70,68,29,Japan
"Jun 2, 2022",67, Russian Premier League ,110089,Kuban Krasnodar,69,73,66,69,30,Russia
"Jun 2, 2022",54, Spanish Segunda División ,110069,CD Mirandés,67,67,68,65,30,Spain
"Jun 2, 2022",54, Spanish Segunda División ,110065,CF Fuenlabrada,67,68,69,65,30,Spain
"Jun 2, 2022",341, Mexican Liga MX ,110149,San Luis,65,69,64,64,30,Mexico
"Jun 2, 2022",67, Russian Premier League ,110106,FC Mordovia Saransk,66,65,64,67,27,Russia
"Jun 2, 2022",67, Russian Premier League ,110234,Amkar Perm,68,66,68,68,30,Russia
"Jun 2, 2022",67, Russian Premier League ,110101,SKA Khabarovsk,67,67,66,66,30,Russia
"Jun 2, 2022",54, Spanish Segunda División ,110066,CF Rayo Majadahonda,68,68,68,67,24,Spain
"Jun 2, 2022",78, International,110082,Serbia,77,77,72,72,23,Serbia
"Jun 2, 2022",78, International,110081,Northern Ireland,70,65,70,71,23,Northern Ireland
"Jun 2, 2022",39, USA Major League Soccer ,101112,Vancouver Whitecaps FC,69,71,66,67,30,Canada
"Jun 2, 2022",337, Paraguayan Primera División ,101108,Club Olimpia,70,69,70,67,30,Paraguay
"Jun 2, 2022",349, Japanese J. League Division 1 ,101147,Kashima Antlers,68,70,69,66,30,Japan
"Jun 2, 2022",349, Japanese J. League Division 1 ,101145,Kashiwa Reysol,65,68,65,65,30,Japan
"Jun 2, 2022",349, Japanese J. League Division 1 ,101149,Shimizu S-Pulse,67,66,66,66,30,Japan
"Jun 2, 2022",341, Mexican Liga MX ,101121,Club Necaxa,69,69,67,68,29,Mexico
"Jun 2, 2022",349, Japanese J. League Division 1 ,101150,FC Tokyo,67,69,65,67,30,Japan
"Jun 2, 2022",349, Japanese J. League Division 1 ,101144,Júbilo Iwata,64,66,64,62,27,Japan
"Jun 2, 2022",338, Uruguayan Primera División ,111002,Centro Atlético Fénix,64,61,64,63,20,Uruguay
"Jun 2, 2022",336, Colombian Liga Postobón ,101106,Once Caldas,68,69,68,68,23,Colombia
"Jun 2, 2022",341, Mexican Liga MX ,101116,Atlante,66,69,64,67,30,Mexico
"Jun 2, 2022",338, Uruguayan Primera División ,111001,Montevideo Wanderers,65,65,64,66,25,Uruguay
"Jun 2, 2022",2019, Venezuelan Primera División ,110989,Caracas Fútbol Club,66,66,65,66,30,Venezuela
"Jun 2, 2022",336, Colombian Liga Postobón ,101104,Club Independiente Santa Fe,66,66,65,63,20,Colombia
"Jun 2, 2022",336, Colombian Liga Postobón ,101105,Millonarios FC,65,69,63,65,21,Colombia
"Jun 2, 2022",335, Chilean Campeonato Nacional ,110977,Unión Española,67,62,68,65,27,Chile
"Jun 2, 2022",2018, Ecuadorian Serie A ,110986,LDU Quito,68,69,68,66,26,Ecuador
"Jun 2, 2022",2018, Ecuadorian Serie A ,110987,Sociedad Deportiva Aucas,64,67,63,62,20,Ecuador
"Jun 2, 2022",2017, Liga de Fútbol Profesional Boliviano ,110968,Club Bolívar,68,66,69,67,25,Bolivia
"Jun 2, 2022",32, Italian Serie B ,110912,Padova,68,68,67,68,30,Italy
"Jun 2, 2022",335, Chilean Campeonato Nacional ,110978,Club de Deportes Cobresal,64,66,62,62,20,Chile
"Jun 2, 2022",32, Italian Serie B ,110911,Foggia,68,69,68,66,26,Italy
"Jun 2, 2022",347, South African Premier Division ,110929,Kaizer Chiefs,69,69,67,67,28,South Africa
"Jun 2, 2022",2019, Venezuelan Primera División ,110992,AC Mineros de Guayana,62,61,63,62,20,Venezuela
"Jun 2, 2022",347, South African Premier Division ,110935,Mamelodi Sundowns FC,66,64,65,62,23,South Africa
"Jun 2, 2022",61, English League Two ,110890,Crawley Town,62,63,63,62,28,England
"Jun 2, 2022",54, Spanish Segunda División ,110902,Villarreal Club de Fútbol B,64,59,62,62,28,Spain
"Jun 2, 2022",335, Chilean Campeonato Nacional ,110976,Santiago Wanderers,65,63,66,64,20,Chile
"Jun 2, 2022",335, Chilean Campeonato Nacional ,110979,CD Cobreloa,64,63,63,62,28,Chile
"Jun 2, 2022",32, Italian Serie B ,110907,Arezzo,63,62,56,59,21,Italy
"Jun 2, 2022",83, Korean K League 1 ,110765,Incheon United FC,66,66,66,65,28,Korea Republic
"Jun 2, 2022",2017, Liga de Fútbol Profesional Boliviano ,110967,"Club Social, Cultural y Deportivo de Blooming",60,53,61,60,20,Bolivia
"Jun 2, 2022",68, Turkish Süper Lig ,110776,Gazişehir Gaziantep F.K.,70,69,69,71,25,Turkey
"Jun 2, 2022",330, Romanian Liga I ,110815,CSM Politehnica Iași,62,59,62,62,25,Romania
"Jun 2, 2022",32, Italian Serie B ,110915,Cesena,63,61,62,65,21,Italy
"Jun 2, 2022",54, Spanish Segunda División ,110854,CF Reus Deportiu,61,62,61,61,21,Spain
"Jun 2, 2022",66, Polish T-Mobile Ekstraklasa ,110747,Cracovia,65,68,65,65,27,Poland
"Jun 2, 2022",330, Romanian Liga I ,110750,AFC UTA Arad,65,65,64,65,25,Romania
"Jun 2, 2022",66, Polish T-Mobile Ekstraklasa ,110746,Pogoń Szczecin,67,66,67,68,28,Poland
"Jun 2, 2022",68, Turkish Süper Lig ,110775,Hacettepe SK,66,63,60,63,26,Turkey
"Jun 2, 2022",54, Spanish Segunda División ,110833,CD Alcoyano,63,62,63,61,26,Spain
"Jun 2, 2022",341, Mexican Liga MX ,110780,Estudiantes Tecos,65,62,64,60,30,Mexico
"Jun 2, 2022",330, Romanian Liga I ,110752,FC Botoşani,64,63,63,65,27,Romania
"Jun 2, 2022",66, Polish T-Mobile Ekstraklasa ,110745,Jagiellonia Białystok,66,66,65,66,28,Poland
"Jun 2, 2022",67, Russian Premier League ,110756,Arsenal Tula,70,72,69,70,30,Russia
"Jun 2, 2022",66, Polish T-Mobile Ekstraklasa ,110744,GKS Bełchatów,62,64,60,60,27,Poland
"Jun 2, 2022",2076, German 3. Bundesliga ,110700,VfL Sportfreunde Lotte,64,63,64,64,27,Germany
"Jun 2, 2022",32, Italian Serie B ,110738,Pisa,67,68,67,68,26,Italy
"Jun 2, 2022",54, Spanish Segunda División ,110704,FC Barcelona B,69,68,70,68,30,Spain
"Jun 2, 2022",20, German 2. Bundesliga ,110596,FSV Frankfurt,67,67,67,65,28,Germany
"Jun 2, 2022",2076, German 3. Bundesliga ,110679,FC Bayern München II,63,65,64,61,28,Germany
"Jun 2, 2022",2076, German 3. Bundesliga ,110678,TSV Havelse,62,62,62,62,27,Germany
"Jun 2, 2022",54, Spanish Segunda División ,110710,Real Madrid Castilla,66,69,65,64,28,Spain
"Jun 2, 2022",54, Spanish Segunda División ,110701,Athletic Club de Bilbao B,69,69,68,68,28,Spain
"Jun 2, 2022",2076, German 3. Bundesliga ,110591,FC Carl Zeiss Jena,63,64,62,64,28,Germany
"Jun 2, 2022",337, Paraguayan Primera División ,111329,Club Guaraní,63,61,66,62,20,Paraguay
"Jun 2, 2022",54, Spanish Segunda División ,110714,Sevilla Atlético,67,68,67,67,30,Spain
"Jun 2, 2022",335, Chilean Campeonato Nacional ,111328,Club Deportivo Palestino,67,68,67,66,20,Chile
"Jun 2, 2022",2018, Ecuadorian Serie A ,111331,Club Deportivo El Nacional,63,64,61,64,20,Ecuador
"Jun 2, 2022",2076, German 3. Bundesliga ,110694,SV Werder Bremen II,62,63,62,61,28,Germany
"Jun 2, 2022",338, Uruguayan Primera División ,111326,Liverpool Fútbol Club,66,66,67,64,28,Uruguay
"Jun 2, 2022",39, USA Major League Soccer ,111139,Club de Foot Montréal,68,71,68,68,30,Canada
"Jun 2, 2022",335, Chilean Campeonato Nacional ,111327,CD Huachipato,64,63,65,62,20,Chile
"Jun 2, 2022",7, Campeonato Brasileiro Série A ,111293,Santo André,67,66,62,66,29,Brazil
"Jun 2, 2022",65, Rep. Ireland Airtricity League ,111285,Limerick FC,55,56,55,55,18,Republic of Ireland
"Jun 2, 2022",7, Campeonato Brasileiro Série A ,111292,Portuguesa de Desportos,69,67,70,69,25,Brazil
"Jun 2, 2022",17, French Ligue 2 ,111271,Évian Thonon Gaillard FC,66,65,67,65,28,France
"Jun 2, 2022",50, Scottish Premiership ,111206,Gretna,61,60,64,64,25,Scotland
"Jun 2, 2022",78, International,111130,Egypt,73,78,73,72,23,Egypt
"Jun 2, 2022",67, Russian Premier League ,111264,FC Ural Yekaterinburg,68,67,69,67,30,Russia
"Jun 2, 2022",66, Polish T-Mobile Ekstraklasa ,111086,Piast Gliwice,66,67,66,66,25,Poland
"Jun 2, 2022",65, Rep. Ireland Airtricity League ,111132,UCD AFC,53,54,54,53,24,Republic of Ireland
"Jun 2, 2022",56, Swedish Allsvenskan ,111277,Gefle IF,59,60,59,62,18,Sweden
"Jun 2, 2022",78, International,111114,Saudi Arabia,72,73,72,73,23,Saudi Arabia
"Jun 2, 2022",65, Rep. Ireland Airtricity League ,111131,Finn Harps,58,56,58,57,27,Republic of Ireland
"Jun 2, 2022",78, International,111099,South Africa,71,71,71,71,23,South Africa
"Jun 2, 2022",66, Polish T-Mobile Ekstraklasa ,111089,Zagłębie Sosnowiec,63,64,63,62,27,Poland
"Jun 2, 2022",66, Polish T-Mobile Ekstraklasa ,111092,Śląsk Wrocław,65,65,66,65,28,Poland
"Jun 2, 2022",78, International,111108,Peru,72,71,73,71,23,Peru
"Jun 2, 2022",66, Polish T-Mobile Ekstraklasa ,111087,Podbeskidzie Bielsko-Biała,63,64,62,62,26,Poland
"Jun 2, 2022",67, Russian Premier League ,111266,Sibir Novosibirsk,65,61,60,61,30,Russia
"Jun 2, 2022",39, USA Major League Soccer ,111070,Chivas USA,62,61,62,62,14,United States
"Jun 2, 2022",66, Polish T-Mobile Ekstraklasa ,111085,ŁKS Łódź,62,61,59,61,27,Poland
"Jun 2, 2022",66, Polish T-Mobile Ekstraklasa ,111082,Arka Gdynia,65,65,65,64,27,Poland
"Jun 2, 2022",7, Campeonato Brasileiro Série A ,111058,Santa Cruz,70,71,72,68,20,Brazil
"Jun 2, 2022",39, USA Major League Soccer ,111065,Real Salt Lake,68,70,68,66,29,United States
"Jun 2, 2022",2025, Campeonato Brasileiro Série B ,111054,Joinville,69,67,70,70,20,Brazil
"Jun 2, 2022",7, Campeonato Brasileiro Série A ,111050,Clube Náutico Capibaribe,66,67,63,64,22,Brazil
"Jun 2, 2022",7, Campeonato Brasileiro Série A ,111057,Sport Club do Recife,70,70,71,71,20,Brazil
"Jun 2, 2022",7, Campeonato Brasileiro Série A ,111049,Guarani,68,65,64,66,27,Brazil
"Jun 2, 2022",7, Campeonato Brasileiro Série A ,111043,Ponte Preta,70,70,69,72,20,Brazil
"Jun 2, 2022",7, Campeonato Brasileiro Série A ,111048,Paraná,70,68,71,70,20,Brazil
"Jun 2, 2022",7, Campeonato Brasileiro Série A ,111045,Figueirense,70,70,70,69,20,Brazil
"Jun 2, 2022",319, Czech Republic Gambrinus Liga ,111985,Bohemians Praha,62,62,57,60,28,Czech Republic
"Jun 2, 2022",17, French Ligue 2 ,111989,AC Arles Avignon,64,62,61,63,28,France
"Jun 2, 2022",68, Turkish Süper Lig ,111988,Eskişehirspor,68,68,68,68,28,Turkey
"Jun 2, 2022",32, Italian Serie B ,111993,Cittadella,67,67,67,68,28,Italy
"Jun 2, 2022",65, Rep. Ireland Airtricity League ,111932,Cobh Ramblers,48,49,46,48,26,Republic of Ireland
"Jun 2, 2022",308, Portuguese Liga ZON SAGRES ,111984,CD Trofense,65,57,62,60,28,Portugal
"Jun 2, 2022",2012, Chinese Super League ,111839,Guangzhou FC,55,50,58,56,28,China PR
"Jun 2, 2022",7, Campeonato Brasileiro Série A ,111929,Ipatinga,63,61,60,60,28,Brazil
"Jun 2, 2022",65, Rep. Ireland Airtricity League ,111968,Wexford Youths,53,54,54,54,22,Republic of Ireland
"Jun 2, 2022",2025, Campeonato Brasileiro Série B ,111046,Criciúma,69,67,70,67,20,Brazil
"Jun 2, 2022",7, Campeonato Brasileiro Série A ,111976,Avaí FC,70,70,71,71,20,Brazil
"Jun 2, 2022",2012, Chinese Super League ,111774,Tianjin Jinmen Tiger FC,59,65,59,57,28,China PR
"Jun 2, 2022",65, Rep. Ireland Airtricity League ,111967,Sporting Fingal,57,55,56,53,20,Republic of Ireland
"Jun 2, 2022",2012, Chinese Super League ,111769,Changchun Yatai FC,65,72,64,61,28,China PR
"Jun 2, 2022",56, Swedish Allsvenskan ,111835,Åtvidabergs FF,59,58,58,60,18,Sweden
"Jun 2, 2022",32, Italian Serie B ,111802,Ravenna,60,63,62,59,23,Italy
"Jun 2, 2022",54, Spanish Segunda División ,111810,Club Polideportivo Granada 74,66,66,67,63,23,Spain
"Jun 2, 2022",54, Spanish Segunda División ,111827,CD Guadalajara,63,64,62,64,28,Spain
"Jun 2, 2022",319, Czech Republic Gambrinus Liga ,111812,Bohemians 1905,60,61,56,58,21,Czech Republic
"Jun 2, 2022",353, Argentina Primera División  ,111706,Godoy Cruz,68,66,70,67,28,Argentina
"Jun 2, 2022",336, Colombian Liga Postobón ,111721,Cúcuta Deportivo,64,65,61,64,26,Colombia
"Jun 2, 2022",351, Australian Hyundai A-League ,111766,Wellington Phoenix,64,62,63,62,27,New Zealand
"Jun 2, 2022",353, Argentina Primera División  ,111717,All Boys,64,61,64,62,30,Argentina
"Jun 2, 2022",319, Czech Republic Gambrinus Liga ,111720,SK Kladno,60,59,57,59,28,Czech Republic
"Jun 2, 2022",353, Argentina Primera División  ,111715,Club Atlético Tigre,63,61,64,63,21,Argentina
"Jun 2, 2022",336, Colombian Liga Postobón ,111723,Deportivo Pasto,64,62,66,63,20,Colombia
"Jun 2, 2022",2013, UAE Arabian Gulf League ,111701,Al Ain FC,68,75,68,65,28,United Arab Emirates
"Jun 2, 2022",349, Japanese J. League Division 1 ,111730,Kawasaki Frontale,70,71,70,69,30,Japan
"Jun 2, 2022",341, Mexican Liga MX ,111678,Club Tijuana,71,71,72,70,28,Mexico
"Jun 2, 2022",353, Argentina Primera División  ,111714,San Martin de Tucumán,66,66,67,66,28,Argentina
"Jun 2, 2022",336, Colombian Liga Postobón ,111722,Club Deportes Tolima,70,71,70,69,29,Colombia
"Jun 2, 2022",353, Argentina Primera División  ,111713,San Martín de San Juan,67,67,66,67,28,Argentina
"Jun 2, 2022",7, Campeonato Brasileiro Série A ,111704,América de Natal,62,58,62,60,25,Brazil
"Jun 2, 2022",2149, Indian Super League ,111629,SC East Bengal FC,58,63,57,57,28,India
"Jun 2, 2022",56, Swedish Allsvenskan ,111705,IF Brommapojkarna,60,61,61,60,21,Sweden
"Jun 2, 2022",308, Portuguese Liga ZON SAGRES ,111539,FC Vizela,69,70,70,68,27,Portugal
"Jun 2, 2022",341, Mexican Liga MX ,111666,CF Indios,65,60,61,59,32,Mexico
"Jun 2, 2022",341, Mexican Liga MX ,111654,Leones Negros de la UdeG,65,65,66,63,28,Mexico
"Jun 2, 2022",1, Danish Superliga ,111660,Vendsyssel FF,64,64,64,65,26,Denmark
"Jun 2, 2022",32, Italian Serie B ,111657,Frosinone,70,72,69,70,26,Italy
"Jun 2, 2022",83, Korean K League 1 ,111588,Gyeongnam FC,65,67,63,63,28,Korea Republic
"Jun 2, 2022",56, Swedish Allsvenskan ,111594,GAIS,58,58,58,56,19,Sweden
"Jun 2, 2022",350, Saudi Abdul L. Jameel League ,112407,Al Shoulla,60,59,57,60,30,Saudi Arabia
"Jun 2, 2022",32, Italian Serie B ,112409,Carpi,67,66,68,67,30,Italy
"Jun 2, 2022",32, Italian Serie B ,112410,Trapani,66,68,66,65,30,Italy
"Jun 2, 2022",350, Saudi Abdul L. Jameel League ,112393,Al Taawoun,68,71,69,64,29,Saudi Arabia
"Jun 2, 2022",350, Saudi Abdul L. Jameel League ,112408,Al Wehda,67,68,69,65,30,Saudi Arabia
"Jun 2, 2022",1, Danish Superliga ,112424,FC Vestsjælland,63,64,58,61,25,Denmark
"Jun 2, 2022",350, Saudi Abdul L. Jameel League ,112389,Al Faisaly,67,69,69,64,30,Saudi Arabia
"Jun 2, 2022",350, Saudi Abdul L. Jameel League ,112392,Al Raed,67,72,67,64,29,Saudi Arabia
"Jun 2, 2022",350, Saudi Abdul L. Jameel League ,112390,Al Fateh,65,69,67,62,30,Saudi Arabia
"Jun 2, 2022",1, Danish Superliga ,112425,Hobro IK,63,65,66,63,24,Denmark
"Jun 2, 2022",32, Italian Serie B ,112398,FC Pro Vercelli 1892,66,67,66,64,30,Italy
"Jun 2, 2022",32, Italian Serie B ,111491,Grosseto,64,64,64,63,28,Italy
"Jun 2, 2022",41, Norwegian Eliteserien ,112374,Sandnes Ulf,59,57,58,59,18,Norway
"Jun 2, 2022",349, Japanese J. League Division 1 ,112345,Omiya Ardija,62,63,63,59,26,Japan
"Jun 2, 2022",32, Italian Serie B ,112281,Gubbio,61,59,60,58,28,Italy
"Jun 2, 2022",350, Saudi Abdul L. Jameel League ,112394,Hajer,61,63,59,61,29,Saudi Arabia
"Jun 2, 2022",4, Belgian Jupiler Pro League ,111560,Royal Excel Mouscron,68,69,67,67,28,Belgium
"Jun 2, 2022",83, Korean K League 1 ,112258,GwangJu FC,64,67,65,63,28,Korea Republic
"Jun 2, 2022",350, Saudi Abdul L. Jameel League ,112395,Najran SC,63,60,62,63,30,Saudi Arabia
"Jun 2, 2022",56, Swedish Allsvenskan ,112267,Syrianska,59,61,57,57,23,Sweden
"Jun 2, 2022",17, French Ligue 2 ,112276,US Orléans Loiret Football,66,66,65,63,29,France
"Jun 2, 2022",351, Australian Hyundai A-League ,112224,Melbourne City FC,66,75,67,66,27,Australia
"Jun 2, 2022",319, Czech Republic Gambrinus Liga ,112236,FC Hradec Králové,61,62,62,57,23,Czech Republic
"Jun 2, 2022",319, Czech Republic Gambrinus Liga ,112235,FK Ústí nad Labem,58,60,58,57,20,Czech Republic
"Jun 2, 2022",350, Saudi Abdul L. Jameel League ,112391,Al Qadisiyah,64,67,65,64,28,Saudi Arabia
"Jun 2, 2022",67, Russian Premier League ,112261,FC Orenburg,68,67,67,68,28,Russia
"Jun 2, 2022",32, Italian Serie B ,112231,Portogruaro Calcio ASD,62,61,62,61,29,Italy
"Jun 2, 2022",32, Italian Serie B ,112282,Nocera Inferiore,60,60,59,57,28,Italy
"Jun 2, 2022",68, Turkish Süper Lig ,112232,Bucaspor,66,62,59,63,22,Turkey
"Jun 2, 2022",67, Russian Premier League ,112217,Volga Nizhny Novgorod,65,66,66,63,30,Russia
"Jun 2, 2022",350, Saudi Abdul L. Jameel League ,112139,Al Nassr,71,79,70,67,25,Saudi Arabia
"Jun 2, 2022",67, Russian Premier League ,112218,FC Krasnodar,76,79,76,75,30,Russia
"Jun 2, 2022",32, Italian Serie B ,112225,Novara Calcio,67,69,65,67,26,Italy
"Jun 2, 2022",56, Swedish Allsvenskan ,112169,Falkenbergs FF,61,61,60,61,22,Sweden
"Jun 2, 2022",32, Italian Serie B ,112168,Cosenza,67,68,67,67,26,Italy
"Jun 2, 2022",32, Italian Serie B ,112237,Varese,63,63,62,64,28,Italy
"Jun 2, 2022",2012, Chinese Super League ,112165,Chongqing Liangjiang Athletic,56,62,52,55,20,China PR
"Jun 2, 2022",2012, Chinese Super League ,112961,Qingdao FC,57,57,56,59,23,China PR
"Jun 2, 2022",68, Turkish Süper Lig ,112120,GZT Giresunspor,68,67,68,68,23,Turkey
"Jun 2, 2022",2012, Chinese Super League ,112162,Jiangsu FC,62,62,64,61,18,China PR
"Jun 2, 2022",56, Swedish Allsvenskan ,112171,AFC Eskilstuna,60,61,59,59,25,Sweden
"Jun 2, 2022",32, Italian Serie B ,112954,Vicenza,68,70,67,68,28,Italy
"Jun 2, 2022",41, Norwegian Eliteserien ,112200,Ranheim Fotball,62,61,63,61,18,Norway
"Jun 2, 2022",2019, Venezuelan Primera División ,112916,Aragua Fútbol Club,62,64,62,62,21,Venezuela
"Jun 2, 2022",39, USA Major League Soccer ,112893,Inter Miami CF,69,72,69,65,30,United States
"Jun 2, 2022",353, Argentina Primera División  ,112925,Nueva Chicago,62,62,59,60,20,Argentina
"Jun 2, 2022",349, Japanese J. League Division 1 ,112906,Albirex Niigata,60,62,58,61,26,Japan
"Jun 2, 2022",349, Japanese J. League Division 1 ,112836,Vegalta Sendai,65,66,64,63,29,Japan
"Jun 2, 2022",350, Saudi Abdul L. Jameel League ,112883,Al Khaleej,63,65,60,61,30,Saudi Arabia
"Jun 2, 2022",336, Colombian Liga Postobón ,112934,Cortuluá,62,65,65,59,18,Colombia
"Jun 2, 2022",32, Italian Serie B ,112124,Castellammare di Stabia,67,67,66,66,27,Italy
"Jun 2, 2022",2019, Venezuelan Primera División ,112914,Metropolitanos de Caracas FC,65,65,66,65,30,Venezuela
"Jun 2, 2022",56, Swedish Allsvenskan ,112130,Jönköpings Södra IF,61,58,60,60,18,Sweden
"Jun 2, 2022",349, Japanese J. League Division 1 ,112783,Tokushima Vortis,64,66,64,62,24,Japan
"Jun 2, 2022",336, Colombian Liga Postobón ,112903,Jaguares de Córdoba Fútbol Club,65,65,66,62,27,Colombia
"Jun 2, 2022",353, Argentina Primera División  ,112689,Platense,68,69,69,66,25,Argentina
"Jun 2, 2022",337, Paraguayan Primera División ,112716,Club Cerro Porteño,69,70,69,68,30,Paraguay
"Jun 2, 2022",336, Colombian Liga Postobón ,112830,Uniautónoma FC,58,58,59,59,18,Colombia
"Jun 2, 2022",32, Italian Serie B ,112791,SPAL,69,72,68,68,26,Italy
"Jun 2, 2022",335, Chilean Campeonato Nacional ,112708,AC Barnechea,61,63,60,59,28,Chile
"Jun 2, 2022",68, Turkish Süper Lig ,112889,Balıkesirspor,64,67,62,59,27,Turkey
"Jun 2, 2022",336, Colombian Liga Postobón ,112834,Fortaleza CEIF,59,60,60,58,20,Colombia
"Jun 2, 2022",54, Spanish Segunda División ,112902,UE Llagostera,67,67,67,65,28,Spain
"Jun 2, 2022",337, Paraguayan Primera División ,112671,Club Nacional,65,65,65,64,29,Paraguay
"Jun 2, 2022",335, Chilean Campeonato Nacional ,112705,Coquimbo Unido,64,63,61,65,20,Chile
"Jun 2, 2022",350, Saudi Abdul L. Jameel League ,112675,Al Orobah,60,59,56,61,30,Saudi Arabia
"Jun 2, 2022",336, Colombian Liga Postobón ,112715,Club Unión Magdalena S.A,61,62,62,60,21,Colombia
"Jun 2, 2022",2017, Liga de Fútbol Profesional Boliviano ,112667,Club Atlético Nacional Potosí,64,62,63,65,20,Bolivia
"Jun 2, 2022",350, Saudi Abdul L. Jameel League ,112572,Al Tai,64,67,65,61,30,Saudi Arabia
"Jun 2, 2022",2020, Peruvian Primera División ,112659,Cusco Fútbol Club,64,64,63,65,20,Peru
"Jun 2, 2022",17, French Ligue 2 ,112552,US Quevilly Rouen Métropole,64,65,65,63,29,France
"Jun 2, 2022",83, Korean K League 1 ,112558,Suwon FC,64,65,66,62,28,Korea Republic
"Jun 2, 2022",335, Chilean Campeonato Nacional ,112668,San Luis de Quillota,60,63,63,57,20,Chile
"Jun 2, 2022",335, Chilean Campeonato Nacional ,112655,Curicó Unido,65,65,66,64,28,Chile
"Jun 2, 2022",350, Saudi Abdul L. Jameel League ,112676,Al Nahdha Dammam,56,54,55,54,30,Saudi Arabia
"Jun 2, 2022",17, French Ligue 2 ,112627,FC Chambly Oise,64,62,63,63,30,France
"Jun 2, 2022",17, French Ligue 2 ,112549,CA Bastia,60,59,56,59,28,France
"Jun 2, 2022",336, Colombian Liga Postobón ,112579,Alianza Petrolera,65,67,64,65,27,Colombia
"Jun 2, 2022",2020, Peruvian Primera División ,114512,Ayacucho,66,66,66,66,29,Peru
"Jun 2, 2022",2017, Liga de Fútbol Profesional Boliviano ,114579,Royal Pari,66,66,66,65,24,Bolivia
"Jun 2, 2022",337, Paraguayan Primera División ,114575,Club River Plate Asunción,64,63,65,64,20,Paraguay
"Jun 2, 2022",335, Chilean Campeonato Nacional ,112586,Deportivo San Marcos de Arica,66,65,65,65,28,Chile
"Jun 2, 2022",2018, Ecuadorian Serie A ,114578,Club Social y Deportivo Macará,63,64,63,62,20,Ecuador
"Jun 2, 2022",351, Australian Hyundai A-League ,114023,Western United FC,66,65,66,64,28,Australia
"Jun 2, 2022",350, Saudi Abdul L. Jameel League ,114143,Al Ain,65,62,67,64,27,Saudi Arabia
"Jun 2, 2022",41, Norwegian Eliteserien ,113459,Kristiansund BK,64,61,63,64,28,Norway
"Jun 2, 2022",336, Colombian Liga Postobón ,112578,Rionegro Águilas,67,69,66,64,26,Colombia
"Jun 2, 2022",2020, Peruvian Primera División ,114511,Sport Huancayo,64,64,64,63,20,Peru
"Jun 2, 2022",2149, Indian Super League ,114168,Jamshedpur FC,58,63,56,58,23,India
"Jun 2, 2022",66, Polish T-Mobile Ekstraklasa ,114004,PGE FKS Stal Mielec,64,63,64,63,26,Poland
"Jun 2, 2022",32, Italian Serie B ,113958,Pordenone,68,68,67,69,25,Italy
"Jun 2, 2022",338, Uruguayan Primera División ,114024,Club Plaza de Deportes Colonia,64,63,64,61,20,Uruguay
"Jun 2, 2022",67, Russian Premier League ,113704,FC Tosno,68,67,67,68,27,Russia
"Jun 2, 2022",330, Romanian Liga I ,113380,CS Mioveni,62,63,61,62,28,Romania
"Jun 2, 2022",330, Romanian Liga I ,114147,AFC Hermannstadt,63,62,64,63,27,Romania
"Jun 2, 2022",56, Swedish Allsvenskan ,113458,IK Sirius,64,64,63,64,27,Sweden
"Jun 2, 2022",7, Campeonato Brasileiro Série A ,113677,Centro Sportivo Alagoano,71,71,72,71,20,Brazil
"Jun 2, 2022",17, French Ligue 2 ,113948,AS Béziers,65,62,64,65,28,France
"Jun 2, 2022",2149, Indian Super League ,113299,Kerala Blasters FC,60,68,60,60,27,India
"Jun 2, 2022",1, Danish Superliga ,113720,FC Helsingør,59,59,60,59,27,Denmark
"Jun 2, 2022",330, Romanian Liga I ,113378,Sepsi OSK Sf. Gheorghe,65,65,64,66,26,Romania
"Jun 2, 2022",54, Spanish Segunda División ,113356,SD Amorebieta,66,67,67,65,27,Spain
"Jun 2, 2022",349, Japanese J. League Division 1 ,113197,Yokohama FC,64,65,64,64,24,Japan
"Jun 2, 2022",350, Saudi Abdul L. Jameel League ,113217,Damac FC,66,67,65,65,29,Saudi Arabia
"Jun 2, 2022",2149, Indian Super League ,113302,Bengaluru FC,61,62,59,59,28,India
"Jun 2, 2022",350, Saudi Abdul L. Jameel League ,113222,Al Hazem,64,65,65,62,29,Saudi Arabia
"Jun 2, 2022",330, Romanian Liga I ,113182,FC Voluntari,65,64,66,65,27,Romania
"Jun 2, 2022",2149, Indian Super League ,113301,Hyderabad FC,60,65,59,60,25,India
"Jun 2, 2022",350, Saudi Abdul L. Jameel League ,113345,Al Adalah,61,62,62,61,19,Saudi Arabia
"Jun 2, 2022",2149, Indian Super League ,113300,Mumbai City FC,61,72,61,60,28,India
"Jun 2, 2022",54, Spanish Segunda División ,113216,UCAM Murcia CF,67,68,67,68,25,Spain
"Jun 2, 2022",349, Japanese J. League Division 1 ,113161,Shonan Bellmare,65,66,65,63,30,Japan
"Jun 2, 2022",56, Swedish Allsvenskan ,113173,Östersunds FK,61,58,60,63,21,Sweden
"Jun 2, 2022",349, Japanese J. League Division 1 ,113160,Sagan Tosu,65,66,65,65,30,Japan
"Jun 2, 2022",350, Saudi Abdul L. Jameel League ,113219,Ohod Club,65,67,64,64,29,Saudi Arabia
"Jun 2, 2022",349, Japanese J. League Division 1 ,113186,Avispa Fukuoka,66,66,66,65,30,Japan
"Jun 2, 2022",349, Japanese J. League Division 1 ,113183,Oita Trinita,65,65,64,64,30,Japan
"Jun 2, 2022",330, Romanian Liga I ,113180,FC Viitorul Constanța,66,63,66,66,27,Romania
"Jun 2, 2022",189, Swiss Super League ,894,FC Zürich,68,66,69,66,27,Switzerland
"Jun 2, 2022",68, Turkish Süper Lig ,741,Antalyaspor,71,72,72,69,26,Turkey
"Jun 2, 2022",56, Swedish Allsvenskan ,711,BK Häcken,65,65,66,64,25,Sweden
"Jun 2, 2022",39, USA Major League Soccer ,695,FC Dallas,69,73,67,68,29,United States
"Jun 2, 2022",349, Japanese J. League Division 1 ,113157,Sanfrecce Hiroshima,67,67,67,69,30,Japan
"Jun 2, 2022",349, Japanese J. League Division 1 ,113158,Matsumoto Yamaga FC,64,66,63,64,25,Japan
"Jun 2, 2022",56, Swedish Allsvenskan ,710,Djurgårdens IF,66,66,69,65,24,Sweden
"Jun 2, 2022",39, USA Major League Soccer ,693,Chicago Fire Football Club,68,69,69,66,25,United States
"Jun 2, 2022",349, Japanese J. League Division 1 ,113162,Ventforet Kofu,61,65,61,60,28,Japan
"Jun 2, 2022",39, USA Major League Soccer ,689,New York Red Bulls,68,68,68,68,27,United States
"Jun 2, 2022",10, Holland Eredivisie ,647,SC Cambuur,66,65,67,67,28,Netherlands
"Jun 2, 2022",4, Belgian Jupiler Pro League ,682,KV Oostende,69,69,69,68,26,Belgium
"Jun 2, 2022",308, Portuguese Liga ZON SAGRES ,744,Rio Ave FC,71,71,71,72,30,Portugal
"Jun 2, 2022",50, Scottish Premiership ,631,Ross County FC,64,63,65,63,25,Scotland
"Jun 2, 2022",50, Scottish Premiership ,621,Livingston FC,64,65,64,64,25,Scotland
"Jun 2, 2022",2076, German 3. Bundesliga ,492,SV Wehen Wiesbaden,65,66,64,64,28,Germany
"Jun 2, 2022",53, Spain Primera Division ,479,CA Osasuna,76,77,76,75,31,Spain
"Jun 2, 2022",350, Saudi Abdul L. Jameel League ,607,Al Ittihad,70,77,71,67,27,Saudi Arabia
"Jun 2, 2022",60, English League One ,357,Morecambe,63,64,64,63,25,England
"Jun 2, 2022",330, Romanian Liga I ,310,Rapid București,65,64,64,66,27,Romania
"Jun 2, 2022",65, Rep. Ireland Airtricity League ,423,St. Patrick's Athletic,61,62,60,60,23,Republic of Ireland
"Jun 2, 2022",330, Romanian Liga I ,308,Universitatea Craiova,68,68,68,68,27,Romania
"Jun 2, 2022",16, French Ligue 1 ,378,Stade Brestois 29,73,74,73,73,27,France
"Jun 2, 2022",80, Austrian Football Bundesliga ,254,SK Rapid Wien,68,68,68,69,28,Austria
"Jun 2, 2022",189, Swiss Super League ,324,Servette FC,68,68,69,67,27,Switzerland
"Jun 2, 2022",65, Rep. Ireland Airtricity League ,306,Shamrock Rovers,63,64,63,63,21,Republic of Ireland
"Jun 2, 2022",80, Austrian Football Bundesliga ,256,FK Austria Wien,66,65,66,65,28,Austria
"Jun 2, 2022",20, German 2. Bundesliga ,576,Holstein Kiel,68,69,69,68,30,Germany
"Jun 2, 2022",1, Danish Superliga ,271,Aarhus GF,67,66,68,66,27,Denmark
"Jun 2, 2022",61, English League Two ,143,Exeter City,62,62,63,62,28,England
"Jun 2, 2022",50, Scottish Premiership ,181,Dundee United,65,65,64,62,26,Scotland
"Jun 2, 2022",60, English League One ,142,Doncaster Rovers,63,62,64,63,28,England
"Jun 2, 2022",65, Rep. Ireland Airtricity League ,305,Bohemian FC,60,56,61,57,19,Republic of Ireland
"Jun 2, 2022",10, Holland Eredivisie ,100646,Sparta Rotterdam,67,68,68,67,30,Netherlands
"Jun 2, 2022",17, French Ligue 2 ,212,La Berrichonne de Châteauroux,65,64,65,64,30,France
"Jun 2, 2022",60, English League One ,127,Shrewsbury Town,64,64,65,64,24,England
"Jun 2, 2022",10, Holland Eredivisie ,100632,Go Ahead Eagles,67,69,66,67,30,Netherlands
"Jun 2, 2022",318, Cypriot First Division ,100135,APOEL Nicosia FC,68,71,67,67,28,Cyprus
"Jun 2, 2022",50, Scottish Premiership ,80,Heart of Midlothian,68,68,67,68,21,Scotland
"Jun 2, 2022",189, Swiss Super League ,10032,FC Lugano,67,66,68,66,28,Switzerland
"Jun 2, 2022",32, Italian Serie B ,192,Chievo Verona,70,69,71,69,25,Italy
"Jun 2, 2022",330, Romanian Liga I ,100759,Campionii FC Arges,64,64,63,64,26,Romania
"Jun 2, 2022",60, English League One ,1951,Oxford United,65,65,66,65,28,England
"Jun 2, 2022",4, Belgian Jupiler Pro League ,15005,SV Zulte Waregem,69,70,69,68,28,Belgium
"Jun 2, 2022",20, German 2. Bundesliga ,27,F.C. Hansa Rostock,68,68,68,67,30,Germany
"Jun 2, 2022",61, English League Two ,1941,Hartlepool United,61,60,60,61,24,England
"Jun 2, 2022",20, German 2. Bundesliga ,10030,SC Paderborn 07,69,70,69,68,30,Germany
"Jun 2, 2022",67, Russian Premier League ,100766,FC Anzhi Makhachkala,69,70,68,69,30,Russia
"Jun 2, 2022",14, English League Championship ,1938,Peterborough United,67,69,67,67,30,England
"Jun 2, 2022",14, English League Championship ,1932,Barnsley,68,68,68,68,30,England
"Jun 2, 2022",61, English League Two ,1949,Scunthorpe United,60,60,57,60,28,England
"Jun 2, 2022",10, Holland Eredivisie ,1903,FC Utrecht,70,70,70,69,30,Netherlands
"Jun 2, 2022",10, Holland Eredivisie ,1907,Willem II,67,66,67,66,30,Netherlands
"Jun 2, 2022",308, Portuguese Liga ZON SAGRES ,1898,Boavista FC,69,69,68,70,24,Portugal
"Jun 2, 2022",61, English League Two ,1937,Notts County,63,63,63,61,28,England
"Jun 2, 2022",308, Portuguese Liga ZON SAGRES ,1888,Gil Vicente FC,70,71,71,70,26,Portugal
"Jun 2, 2022",341, Mexican Liga MX ,1880,Club Deportivo Guadalajara,70,74,68,68,27,Mexico
"Jun 2, 2022",14, English League Championship ,1923,Luton Town,69,69,69,69,30,England
"Jun 2, 2022",10, Holland Eredivisie ,1905,RKC Waalwijk,66,67,64,66,28,Netherlands
"Jun 2, 2022",61, English League Two ,1803,Walsall,62,62,63,62,26,England
"Jun 2, 2022",66, Polish T-Mobile Ekstraklasa ,1873,Wisła Kraków,65,67,65,64,28,Poland
"Jun 2, 2022",16, French Ligue 1 ,1815,Clermont Foot 63,71,75,71,72,27,France
"Jun 2, 2022",60, English League One ,1802,Gillingham,63,62,64,63,25,England
"Jun 2, 2022",341, Mexican Liga MX ,1882,Deportivo Toluca,71,72,71,69,26,Mexico
"Jun 2, 2022",61, English League Two ,1928,Port Vale,63,62,63,63,26,England
"Jun 2, 2022",17, French Ligue 2 ,1816,Amiens SC,68,65,68,66,30,France
"Jun 2, 2022",17, French Ligue 2 ,1823,AS Nancy Lorraine,65,66,65,64,30,France
"Jun 2, 2022",10, Holland Eredivisie ,1902,Roda JC Kerkrade,67,66,67,66,30,Netherlands
"Jun 2, 2022",80, Austrian Football Bundesliga ,1787,SK Austria Klagenfurt,65,67,66,65,28,Austria
"Jun 2, 2022",14, English League Championship ,1793,Reading,70,72,70,70,30,England
"Jun 2, 2022",353, Argentina Primera División  ,111710,Defensa y Justicia,71,72,71,70,24,Argentina
"Jun 2, 2022",2076, German 3. Bundesliga ,1825,MSV Duisburg,63,65,63,62,28,Germany
"Jun 2, 2022",1, Danish Superliga ,1786,Randers FC,66,67,67,66,26,Denmark
"Jun 2, 2022",353, Argentina Primera División  ,111708,Atlético Tucumán,69,69,69,67,28,Argentina
"Jun 2, 2022",17, French Ligue 2 ,111659,Rodez Aveyron Football,65,63,65,64,28,France
"Jun 2, 2022",349, Japanese J. League Division 1 ,111575,Urawa Red Diamonds,69,72,68,69,27,Japan
"Jun 2, 2022",353, Argentina Primera División  ,111716,Unión de Santa Fe,69,69,68,69,23,Argentina
"Jun 2, 2022",39, USA Major League Soccer ,111138,Minnesota United FC,69,69,69,67,28,United States
"Jun 2, 2022",353, Argentina Primera División  ,111707,Club Atlético Aldosivi,68,71,67,65,28,Argentina
"Jun 2, 2022",353, Argentina Primera División  ,111711,Club Atlético Huracán,68,67,68,67,28,Argentina
"Jun 2, 2022",78, International,111112,Côte d'Ivoire,76,77,75,76,23,Côte d'Ivoire
"Jun 2, 2022",2020, Peruvian Primera División ,111011,Cienciano,66,66,67,66,26,Peru
"Jun 2, 2022",2019, Venezuelan Primera División ,110990,Deportivo Táchira FC,66,67,66,64,30,Venezuela
"Jun 2, 2022",2017, Liga de Fútbol Profesional Boliviano ,110970,Club Deportivo Oriente Petrolero,64,63,65,64,27,Bolivia
"Jun 2, 2022",66, Polish T-Mobile Ekstraklasa ,111088,Radomiak Radom,65,65,65,66,28,Poland
"Jun 2, 2022",335, Chilean Campeonato Nacional ,110975,Universidad Católica,71,72,70,68,28,Chile
"Jun 2, 2022",78, International,111109,Colombia,78,81,79,77,23,Colombia
"Jun 2, 2022",2012, Chinese Super League ,110955,Shanghai Shenhua FC,65,65,65,63,28,China PR
"Jun 2, 2022",7, Campeonato Brasileiro Série A ,111059,Ceará Sporting Club,72,71,72,73,20,Brazil
"Jun 2, 2022",7, Campeonato Brasileiro Série A ,111044,Coritiba,70,70,70,69,20,Brazil
"Jun 2, 2022",78, International,1341,Iceland,69,70,68,68,23,Iceland
"Jun 2, 2022",2018, Ecuadorian Serie A ,110984,CS Emelec,68,70,68,66,24,Ecuador
"Jun 2, 2022",66, Polish T-Mobile Ekstraklasa ,111091,Lechia Gdańsk,66,68,65,66,26,Poland
"Jun 2, 2022",2017, Liga de Fútbol Profesional Boliviano ,110974,Club Deportivo Jorge Wilstermann,66,65,67,64,26,Bolivia
"Jun 2, 2022",347, South African Premier Division ,110930,Orlando Pirates,69,71,67,68,28,South Africa
"Jun 2, 2022",337, Paraguayan Primera División ,111008,Club Libertad,73,73,71,73,30,Paraguay
"Jun 2, 2022",17, French Ligue 2 ,111273,Red Star FC,64,65,64,64,27,France
"Jun 2, 2022",78, International,1334,Finland,71,72,72,67,23,Finland
"Jun 2, 2022",78, International,1413,China PR,69,70,69,67,23,China PR
"Jun 2, 2022",353, Argentina Primera División  ,1013,San Lorenzo de Almagro,70,67,70,70,28,Argentina
"Jun 2, 2022",56, Swedish Allsvenskan ,702,IFK Norrköping,65,67,66,65,23,Sweden
"Jun 2, 2022",39, USA Major League Soccer ,698,Houston Dynamo,69,71,70,67,28,United States
"Jun 2, 2022",4, Belgian Jupiler Pro League ,674,KAA Gent,72,72,72,72,28,Belgium
"Jun 2, 2022",7, Campeonato Brasileiro Série A ,567,Fluminense,72,74,72,72,20,Brazil
"Jun 2, 2022",4, Belgian Jupiler Pro League ,232,Standard de Liège,69,68,71,69,28,Belgium
"Jun 2, 2022",61, English League Two ,381,Barrow,61,58,62,61,27,England
"Jun 2, 2022",20, German 2. Bundesliga ,171,1. FC Nürnberg,70,67,70,70,29,Germany
"Jun 2, 2022",17, French Ligue 2 ,226,FC Sochaux-Montbéliard,66,66,66,67,25,France
"Jun 2, 2022",41, Norwegian Eliteserien ,919,SK Brann,63,62,65,63,21,Norway
"Jun 2, 2022",56, Swedish Allsvenskan ,708,Hammarby IF,67,68,67,67,21,Sweden
"Jun 2, 2022",189, Swiss Super League ,897,FC Luzern,68,66,68,67,28,Switzerland
"Jun 2, 2022",4, Belgian Jupiler Pro League ,673,KRC Genk,72,75,73,72,25,Belgium
"Jun 2, 2022",60, English League One ,89,Charlton Athletic,65,66,66,65,28,England
"Jun 2, 2022",54, Spanish Segunda División ,242,Deportivo de La Coruña,70,71,70,68,30,Spain
"Jun 2, 2022",54, Spanish Segunda División ,472,Unión Deportiva Las Palmas,70,68,71,70,30,Spain
"Jun 2, 2022",1, Danish Superliga ,270,Silkeborg IF,65,68,64,65,28,Denmark
"Jun 2, 2022",16, French Ligue 1 ,294,ESTAC Troyes,72,71,73,71,33,France
"Jun 2, 2022",80, Austrian Football Bundesliga ,252,LASK Linz,69,68,70,68,28,Austria
"Jun 2, 2022",7, Campeonato Brasileiro Série A ,598,São Paulo,73,73,73,72,20,Brazil
"Jun 2, 2022",335, Chilean Campeonato Nacional ,110980,Colo-Colo,70,70,70,69,30,Chile
"Jun 2, 2022",353, Argentina Primera División  ,111019,Argentinos Juniors,70,71,70,71,27,Argentina
"Jun 2, 2022",17, French Ligue 2 ,62,En Avant de Guingamp,66,67,66,63,27,France
"Jun 2, 2022",60, English League One ,4,Bolton Wanderers,65,66,65,64,28,England
"Jun 2, 2022",50, Scottish Premiership ,77,Aberdeen,66,68,66,65,24,Scotland
"Jun 2, 2022",2017, Liga de Fútbol Profesional Boliviano ,110969,Club The Strongest,67,68,66,66,25,Bolivia
"Jun 2, 2022",2076, German 3. Bundesliga ,110691,SC Freiburg II,62,64,61,62,28,Germany
"Jun 2, 2022",341, Mexican Liga MX ,110781,Club León,73,71,73,72,25,Mexico
"Jun 2, 2022",353, Argentina Primera División  ,110093,Club Atlético Independiente,72,72,74,71,28,Argentina
"Jun 2, 2022",330, Romanian Liga I ,110816,CFR Cluj,69,68,69,70,28,Romania
"Jun 2, 2022",54, Spanish Segunda División ,260,CD Tenerife,70,72,70,70,30,Spain
"Jun 2, 2022",353, Argentina Primera División  ,110580,Rosario Central,71,73,69,71,28,Argentina
"Jun 2, 2022",17, French Ligue 2 ,110456,Valenciennes FC,67,70,66,67,30,France
"Jun 2, 2022",2076, German 3. Bundesliga ,110532,SV Waldhof Mannheim 07,65,66,65,65,28,Germany
"Jun 2, 2022",2076, German 3. Bundesliga ,110588,1. FC Magdeburg,65,66,66,66,28,Germany
"Jun 2, 2022",341, Mexican Liga MX ,101114,Club Atlas,71,73,70,71,23,Mexico
"Jun 2, 2022",17, French Ligue 2 ,110569,Dijon FCO,68,68,66,68,30,France
"Jun 2, 2022",353, Argentina Primera División  ,110395,Club Atlético Lanús,71,72,72,70,28,Argentina
"Jun 2, 2022",189, Swiss Super League ,110770,FC Sion,67,63,66,67,28,Switzerland
"Jun 2, 2022",336, Colombian Liga Postobón ,101099,América de Cali,68,67,68,66,26,Colombia
"Jun 2, 2022",20, German 2. Bundesliga ,110502,SV Darmstadt 98,69,70,69,69,30,Germany
"Jun 2, 2022",338, Uruguayan Primera División ,101110,Club Atlético Peñarol,68,69,68,68,29,Uruguay
"Jun 2, 2022",353, Argentina Primera División  ,101085,Racing Club,73,73,73,73,28,Argentina
"Jun 2, 2022",54, Spanish Segunda División ,110831,CD Lugo,67,68,67,66,28,Spain
"Jun 2, 2022",319, Czech Republic Gambrinus Liga ,266,SK Slavia Praha,75,72,75,74,28,Czech Republic
"Jun 2, 2022",63, Greek Super League ,278,AEK Athens,73,74,74,69,28,Greece
"Jun 2, 2022",80, Austrian Football Bundesliga ,209,SK Sturm Graz,69,67,70,68,28,Austria
"Jun 2, 2022",54, Spanish Segunda División ,459,Real Sporting de Gijón,70,72,70,68,30,Spain
"Jun 2, 2022",54, Spanish Segunda División ,244,Real Zaragoza,70,69,69,70,30,Spain
"Jun 2, 2022",67, Russian Premier League ,110227,Rubin Kazan,71,73,73,70,22,Russia
"Jun 2, 2022",2076, German 3. Bundesliga ,487,VfL Osnabrück,65,65,65,65,28,Germany
"Jun 2, 2022",17, French Ligue 2 ,210,Stade Malherbe Caen,68,69,69,66,28,France
"Jun 2, 2022",54, Spanish Segunda División ,100888,CD Leganés,70,69,69,70,30,Spain
"Jun 2, 2022",19, German 1. Bundesliga ,159,DSC Arminia Bielefeld,72,71,72,73,28,Germany
"Jun 2, 2022",54, Spanish Segunda División ,462,Real Valladolid CF,73,74,74,73,30,Spain
"Jun 2, 2022",20, German 2. Bundesliga ,506,FC Erzgebirge Aue,67,64,67,66,30,Germany
"Jun 2, 2022",41, Norwegian Eliteserien ,417,Molde FK,67,68,65,67,28,Norway
"Jun 2, 2022",67, Russian Premier League ,315,PFC CSKA Moscow,74,73,73,75,22,Russia
"Jun 2, 2022",78, International,1366,Ukraine,76,76,77,74,23,Ukraine
"Jun 2, 2022",14, English League Championship ,12,Middlesbrough,70,71,70,70,30,England
"Jun 2, 2022",78, International,1330,Czech Republic,77,79,76,76,23,Czech Republic
"Jun 2, 2022",308, Portuguese Liga ZON SAGRES ,10020,Estoril Praia,70,69,70,69,28,Portugal
"Jun 2, 2022",1, Danish Superliga ,1516,FC Midtjylland,71,70,72,72,27,Denmark
"Jun 2, 2022",14, English League Championship ,1961,Cardiff City,69,67,69,68,30,Wales
"Jun 2, 2022",14, English League Championship ,1800,Coventry City,70,70,72,69,30,England
"Jun 2, 2022",78, International,1338,Greece,73,72,75,73,23,Greece
"Jun 2, 2022",17, French Ligue 2 ,614,AC Ajaccio,67,68,68,66,25,France
"Jun 2, 2022",61, English League Two ,1955,Rochdale,62,61,63,62,28,England
"Jun 2, 2022",61, English League Two ,1934,Swindon Town,63,63,64,61,28,England
"Jun 2, 2022",14, English League Championship ,1919,Bristol City,69,68,69,70,29,England
"Jun 2, 2022",1, Danish Superliga ,820,Aalborg BK,68,69,68,68,23,Denmark
"Jun 2, 2022",78, International,1353,Poland,77,81,74,75,23,Poland
"Jun 2, 2022",60, English League One ,1807,Sheffield Wednesday,67,66,68,67,28,England
"Jun 2, 2022",7, Campeonato Brasileiro Série A ,1041,Sport Club Corinthians Paulista,73,72,73,74,20,Brazil
"Jun 2, 2022",61, English League Two ,1920,Oldham Athletic,61,59,61,61,28,England
"Jun 2, 2022",10, Holland Eredivisie ,1909,Vitesse,70,69,68,74,30,Netherlands
"Jun 2, 2022",189, Swiss Super League ,900,BSC Young Boys,71,73,71,71,28,Switzerland
"Jun 2, 2022",53, Spain Primera Division ,468,Elche CF,74,75,74,73,29,Spain
"Jun 2, 2022",341, Mexican Liga MX ,1032,CF Monterrey ,75,73,75,73,30,Mexico
"Jun 2, 2022",56, Swedish Allsvenskan ,320,Malmö FF,70,70,72,69,28,Sweden
"Jun 2, 2022",78, International,1370,Brazil,80,80,80,80,23,Brazil
"Jun 2, 2022",308, Portuguese Liga ZON SAGRES ,1438,Santa Clara,69,69,69,69,25,Portugal
"Jun 2, 2022",7, Campeonato Brasileiro Série A ,1053,Santos,73,74,72,72,20,Brazil
"Jun 2, 2022",4, Belgian Jupiler Pro League ,229,RSC Anderlecht,72,72,73,72,27,Belgium
"Jun 2, 2022",319, Czech Republic Gambrinus Liga ,267,AC Sparta Praha,74,71,74,73,26,Czech Republic
"Jun 2, 2022",31, Italian Serie A ,189,Bologna,75,78,75,73,30,Italy
"Jun 2, 2022",61, English League Two ,561,Forest Green Rovers,63,62,63,64,23,England
"Jun 2, 2022",31, Italian Serie A ,206,Hellas Verona,75,76,75,74,24,Italy
"Jun 2, 2022",39, USA Major League Soccer ,697,LA Galaxy,69,74,69,67,30,United States
"Jun 2, 2022",19, German 1. Bundesliga ,165,SpVgg Greuther Fürth,71,70,70,70,30,Germany
"Jun 2, 2022",350, Saudi Abdul L. Jameel League ,605,Al Hilal,73,76,74,70,30,Saudi Arabia
"Jun 2, 2022",32, Italian Serie B ,50,Parma,70,69,68,69,28,Italy
"Jun 2, 2022",61, English League Two ,113926,Salford City,63,64,62,63,27,England
"Jun 2, 2022",14, English League Championship ,88,Birmingham City,69,70,69,69,30,England
"Jun 2, 2022",2076, German 3. Bundesliga ,29,1. FC Kaiserslautern,66,67,66,66,28,Germany
"Jun 2, 2022",54, Spanish Segunda División ,113981,UD Ibiza,69,69,68,69,30,Spain
"Jun 2, 2022",53, Spain Primera Division ,110832,Granada CF,77,77,78,77,33,Spain
"Jun 2, 2022",16, French Ligue 1 ,68,FC Metz,72,72,71,72,30,France
"Jun 2, 2022",62, English National League ,1947,Wrexham AFC,63,65,63,61,28,Wales
"Jun 2, 2022",16, French Ligue 1 ,70,Montpellier Hérault SC,75,73,76,73,27,France
"Jun 2, 2022",16, French Ligue 1 ,71,FC Nantes,74,77,73,73,29,France
"Jun 2, 2022",14, English League Championship ,1926,Blackpool,67,67,69,67,30,England
"Jun 2, 2022",10, Holland Eredivisie ,1915,FC Groningen,67,67,67,67,28,Netherlands
"Jun 2, 2022",78, International,105035,Netherlands,82,82,81,83,23,Netherlands
"Jun 2, 2022",53, Spain Primera Division ,1860,Getafe CF,76,75,76,75,31,Spain
"Jun 2, 2022",308, Portuguese Liga ZON SAGRES ,1896,SC Braga,74,76,71,75,29,Portugal
"Jun 2, 2022",60, English League One ,1798,Milton Keynes Dons,65,67,64,65,25,England
"Jun 2, 2022",341, Mexican Liga MX ,1970,Tigres U.A.N.L.,76,77,77,73,27,Mexico
"Jun 2, 2022",31, Italian Serie A ,1746,Empoli,72,73,71,71,28,Italy
"Jun 2, 2022",19, German 1. Bundesliga ,31,1. FC Köln,75,76,75,74,29,Germany
"Jun 2, 2022",17, French Ligue 2 ,111817,Paris FC,68,67,68,67,30,France
"Jun 2, 2022",78, International,1322,Austria,77,79,78,77,23,Austria
"Jun 2, 2022",31, Italian Serie A ,1837,U.C. Sampdoria,75,77,75,73,27,Italy
"Jun 2, 2022",7, Campeonato Brasileiro Série A ,1043,Flamengo,76,77,76,75,20,Brazil
"Jun 2, 2022",78, International,1325,Belgium,83,83,82,80,23,Belgium
"Jun 2, 2022",16, French Ligue 1 ,217,FC Lorient,71,71,73,70,30,France
"Jun 2, 2022",83, Korean K League 1 ,1473,Ulsan Hyundai FC,69,70,68,69,28,Korea Republic
"Jun 2, 2022",68, Turkish Süper Lig ,436,Trabzonspor,75,76,76,73,30,Turkey
"Jun 2, 2022",17, French Ligue 2 ,57,AJ Auxerre,69,73,69,69,28,France
"Jun 2, 2022",17, French Ligue 2 ,224,Nîmes Olympique,69,69,71,68,24,France
"Jun 2, 2022",14, English League Championship ,109,West Bromwich Albion,71,71,72,71,30,England
"Jun 2, 2022",19, German 1. Bundesliga ,169,1. FSV Mainz 05,74,74,74,75,32,Germany
"Jun 2, 2022",16, French Ligue 1 ,65,LOSC Lille,76,77,76,77,23,France
"Jun 2, 2022",19, German 1. Bundesliga ,25,Sport-Club Freiburg,75,73,74,76,26,Germany
"Jun 2, 2022",341, Mexican Liga MX ,1879,Club América,74,74,73,73,26,Mexico
"Jun 2, 2022",14, English League Championship ,3,Blackburn Rovers,71,72,72,71,30,England
"Jun 2, 2022",13, English Premier League ,1925,Brentford,74,74,75,74,33,England
"Jun 2, 2022",19, German 1. Bundesliga ,160,VfL Bochum 1848,72,72,71,73,29,Germany
"Jun 2, 2022",78, International,1362,Spain,84,83,85,83,23,Spain
"Jun 2, 2022",16, French Ligue 1 ,64,Racing Club de Lens,75,74,75,75,26,France
"Jun 2, 2022",353, Argentina Primera División  ,1876,River Plate,76,77,77,75,28,Argentina
"Jun 2, 2022",60, English League One ,1790,Portsmouth,66,66,65,66,25,England
"Jun 2, 2022",4, Belgian Jupiler Pro League ,230,Royal Antwerp FC,72,73,73,72,28,Belgium
"Jun 2, 2022",53, Spain Primera Division ,449,Real Betis Balompié,79,80,79,78,33,Spain
"Jun 2, 2022",60, English League One ,94,Ipswich Town,66,66,66,66,28,England
"Jun 2, 2022",20, German 2. Bundesliga ,503,SG Dynamo Dresden,67,67,67,67,30,Germany
"Jun 2, 2022",19, German 1. Bundesliga ,100409,FC Augsburg,74,73,74,74,32,Germany
"Jun 2, 2022",13, English Premier League ,1796,Burnley,76,77,75,76,33,England
"Jun 2, 2022",78, International,1352,Norway,76,81,76,73,23,Norway
"Jun 2, 2022",16, French Ligue 1 ,59,FC Girondins de Bordeaux,73,73,74,71,30,France
"Jun 2, 2022",14, English League Championship ,1939,Huddersfield Town,70,69,69,70,30,England
"Jun 2, 2022",332, Ukrainian Premier League ,101047,Dynamo Kyiv,73,72,73,72,23,Ukraine
"Jun 2, 2022",20, German 2. Bundesliga ,38,SV Werder Bremen,72,73,70,72,29,Germany
"Jun 2, 2022",31, Italian Serie A ,46,Lazio,79,79,81,78,24,Italy
"Jun 2, 2022",31, Italian Serie A ,110556,Genoa,73,72,72,71,31,Italy
"Jun 2, 2022",14, English League Championship ,15,Queens Park Rangers,71,71,71,70,30,England
"Jun 2, 2022",19, German 1. Bundesliga ,166,Hertha BSC,74,74,75,74,33,Germany
"Jun 2, 2022",78, International,1335,France,85,85,86,83,23,France
"Jun 2, 2022",78, International,1387,United States,75,75,75,75,23,United States
"Jun 2, 2022",20, German 2. Bundesliga ,28,Hamburger SV,71,72,70,71,29,Germany
"Jun 2, 2022",17, French Ligue 2 ,1738,Le Havre AC,67,67,66,65,29,France
"Jun 2, 2022",10, Holland Eredivisie ,246,Feyenoord,75,75,75,76,30,Netherlands
"Jun 2, 2022",80, Austrian Football Bundesliga ,191,FC Red Bull Salzburg,73,73,73,73,28,Austria
"Jun 2, 2022",50, Scottish Premiership ,78,Celtic,73,73,74,73,28,Scotland
"Jun 2, 2022",78, International,1386,Mexico,77,79,78,74,23,Mexico
"Jun 2, 2022",53, Spain Primera Division ,457,Real Sociedad,80,81,81,78,25,Spain
"Jun 2, 2022",54, Spanish Segunda División ,1861,Unión Deportiva Almería,73,76,72,72,30,Spain
"Jun 2, 2022",14, English League Championship ,144,Fulham,74,78,74,72,30,England
"Jun 2, 2022",16, French Ligue 1 ,66,Olympique Lyonnais,78,77,78,76,31,France
"Jun 2, 2022",19, German 1. Bundesliga ,36,VfB Stuttgart,74,74,74,74,33,Germany
"Jun 2, 2022",308, Portuguese Liga ZON SAGRES ,237,Sporting CP,79,79,80,78,27,Portugal
"Jun 2, 2022",63, Greek Super League ,280,Olympiacos CFP,76,76,74,75,28,Greece
"Jun 2, 2022",13, English Premier League ,1792,Norwich City,73,75,73,73,33,England
"Jun 2, 2022",53, Spain Primera Division ,448,Athletic Club de Bilbao,79,78,77,79,31,Spain
"Jun 2, 2022",16, French Ligue 1 ,69,AS Monaco,77,83,78,77,29,Monaco
"Jun 2, 2022",14, English League Championship ,14,Nottingham Forest,71,71,72,71,30,England
"Jun 2, 2022",20, German 2. Bundesliga ,34,FC Schalke 04,71,73,71,72,30,Germany
"Jun 2, 2022",332, Ukrainian Premier League ,101059,Shakhtar Donetsk,74,74,75,73,21,Ukraine
"Jun 2, 2022",13, English Premier League ,1808,Brighton & Hove Albion,76,75,73,77,33,England
"Jun 2, 2022",16, French Ligue 1 ,74,Stade Rennais FC,77,78,77,76,27,France
"Jun 2, 2022",13, English Premier League ,8,Leeds United,76,77,77,75,32,England
"Jun 2, 2022",31, Italian Serie A ,48,Napoli,80,82,80,77,23,Italy
"Jun 2, 2022",13, English Premier League ,110,Wolverhampton Wanderers,78,78,80,78,33,England
"Jun 2, 2022",16, French Ligue 1 ,219,Olympique de Marseille,78,79,77,77,33,France
"Jun 2, 2022",13, English Premier League ,17,Southampton,76,75,76,76,32,England
"Jun 2, 2022",68, Turkish Süper Lig ,326,Fenerbahçe SK,75,75,74,74,27,Turkey
"Jun 2, 2022",53, Spain Primera Division ,461,Valencia CF,77,78,76,79,33,Spain
"Jun 2, 2022",13, English Premier League ,19,West Ham United,79,80,79,77,33,England
"Jun 2, 2022",19, German 1. Bundesliga ,21,FC Bayern München,84,92,85,82,30,Germany
"Jun 2, 2022",53, Spain Primera Division ,483,Villarreal CF,80,81,79,79,33,Spain
"Jun 2, 2022",68, Turkish Süper Lig ,325,Galatasaray SK,74,75,73,75,28,Turkey
"Jun 2, 2022",31, Italian Serie A ,45,Juventus,82,81,81,82,26,Italy
"Jun 2, 2022",13, English Premier League ,2,Aston Villa,78,79,78,79,33,England
"Jun 2, 2022",13, English Premier League ,13,Newcastle United,77,78,77,77,33,England
"Jun 2, 2022",19, German 1. Bundesliga ,175,VfL Wolfsburg,77,77,78,76,29,Germany
"Jun 2, 2022",19, German 1. Bundesliga ,10029,TSG Hoffenheim,77,78,76,76,33,Germany
"Jun 2, 2022",53, Spain Primera Division ,243,Real Madrid CF,84,85,86,83,33,Spain
"Jun 2, 2022",13, English Premier League ,7,Everton,78,78,78,77,33,England
"Jun 2, 2022",308, Portuguese Liga ZON SAGRES ,234,SL Benfica,78,76,78,80,29,Portugal
"Jun 2, 2022",13, English Premier League ,18,Tottenham Hotspur,81,83,81,78,33,England
